"","SiteID","month","Year","trap.sets","total.pama","CPUE"
"1",3,4,2018,6,0,0
"2",3,4,2019,6,0,0
"3",3,4,2021,6,0,0
"4",3,4,2022,6,0,0
"5",3,4,2023,6,0,0
"6",3,4,2024,6,0,0
"7",3,5,2017,6,0,0
"8",3,5,2018,6,0,0
"9",3,5,2019,6,0,0
"10",3,5,2021,6,0,0
"11",3,5,2022,6,0,0
"12",3,5,2023,6,0,0
"13",3,5,2024,6,0,0
"14",3,6,2017,5,0,0
"15",3,6,2018,6,0,0
"16",3,6,2019,6,0,0
"17",3,6,2020,6,0,0
"18",3,6,2021,6,0,0
"19",3,6,2022,6,0,0
"20",3,6,2023,6,0,0
"21",3,6,2024,6,0,0
"22",3,7,2017,6,0,0
"23",3,7,2019,6,0,0
"24",3,7,2020,6,0,0
"25",3,7,2021,6,0,0
"26",3,7,2022,6,0,0
"27",3,7,2023,6,0,0
"28",3,7,2024,5,0,0
"29",3,8,2017,6,0,0
"30",3,8,2018,12,0,0
"31",3,8,2019,6,0,0
"32",3,8,2020,6,0,0
"33",3,8,2021,6,0,0
"34",3,8,2022,6,0,0
"35",3,8,2023,6,0,0
"36",3,8,2024,5,0,0
"37",3,9,2017,6,0,0
"38",3,9,2018,6,0,0
"39",3,9,2019,6,0,0
"40",3,9,2020,6,0,0
"41",3,9,2021,6,0,0
"42",3,9,2022,6,0,0
"43",3,9,2023,6,0,0
"44",3,9,2024,6,0,0
"45",74,4,2016,6,0,0
"46",74,4,2017,6,0,0
"47",74,4,2018,6,0,0
"48",74,4,2019,6,0,0
"49",74,4,2021,6,0,0
"50",74,4,2022,6,0,0
"51",74,4,2023,6,0,0
"52",74,4,2024,6,0,0
"53",74,5,2016,6,0,0
"54",74,5,2017,6,0,0
"55",74,5,2018,6,0,0
"56",74,5,2019,6,0,0
"57",74,5,2020,6,0,0
"58",74,5,2021,6,0,0
"59",74,5,2022,6,0,0
"60",74,5,2023,6,0,0
"61",74,5,2024,6,0,0
"62",74,6,2016,6,0,0
"63",74,6,2017,6,0,0
"64",74,6,2018,6,0,0
"65",74,6,2019,6,0,0
"66",74,6,2020,6,0,0
"67",74,6,2021,6,0,0
"68",74,6,2022,6,0,0
"69",74,6,2023,6,0,0
"70",74,6,2024,6,0,0
"71",74,7,2016,6,0,0
"72",74,7,2018,6,0,0
"73",74,7,2019,6,0,0
"74",74,7,2020,6,0,0
"75",74,7,2021,6,0,0
"76",74,7,2022,6,0,0
"77",74,7,2023,6,0,0
"78",74,7,2024,6,0,0
"79",74,8,2016,6,0,0
"80",74,8,2017,6,0,0
"81",74,8,2018,6,0,0
"82",74,8,2019,6,0,0
"83",74,8,2020,6,0,0
"84",74,8,2021,6,0,0
"85",74,8,2022,6,0,0
"86",74,8,2023,6,0,0
"87",74,8,2024,6,0,0
"88",74,9,2016,6,0,0
"89",74,9,2017,6,0,0
"90",74,9,2018,6,0,0
"91",74,9,2019,6,0,0
"92",74,9,2020,6,0,0
"93",74,9,2021,6,0,0
"94",74,9,2022,6,0,0
"95",74,9,2023,6,0,0
"96",74,9,2024,6,0,0
"97",97,4,2017,6,0,0
"98",97,4,2018,6,0,0
"99",97,4,2019,6,0,0
"100",97,4,2020,6,0,0
"101",97,4,2021,6,0,0
"102",97,4,2022,6,0,0
"103",97,4,2023,6,0,0
"104",97,4,2024,6,0,0
"105",97,5,2017,6,0,0
"106",97,5,2018,6,0,0
"107",97,5,2019,6,0,0
"108",97,5,2020,6,0,0
"109",97,5,2021,6,0,0
"110",97,5,2022,6,0,0
"111",97,5,2023,6,0,0
"112",97,5,2024,6,0,0
"113",97,6,2017,6,0,0
"114",97,6,2018,6,0,0
"115",97,6,2019,6,0,0
"116",97,6,2020,6,0,0
"117",97,6,2021,6,0,0
"118",97,6,2022,6,0,0
"119",97,6,2023,6,0,0
"120",97,6,2024,6,0,0
"121",97,7,2017,6,0,0
"122",97,7,2018,6,0,0
"123",97,7,2019,6,0,0
"124",97,7,2020,6,0,0
"125",97,7,2021,6,0,0
"126",97,7,2022,6,0,0
"127",97,7,2023,6,0,0
"128",97,7,2024,6,0,0
"129",97,8,2017,6,0,0
"130",97,8,2018,6,0,0
"131",97,8,2019,6,0,0
"132",97,8,2020,6,0,0
"133",97,8,2021,6,0,0
"134",97,8,2022,6,0,0
"135",97,8,2023,6,0,0
"136",97,8,2024,6,0,0
"137",97,9,2017,6,0,0
"138",97,9,2018,6,0,0
"139",97,9,2019,6,0,0
"140",97,9,2020,6,0,0
"141",97,9,2021,6,0,0
"142",97,9,2022,6,0,0
"143",97,9,2023,6,0,0
"144",97,9,2024,6,0,0
"145",108,4,2018,6,0,0
"146",108,4,2019,6,0,0
"147",108,4,2020,6,0,0
"148",108,4,2021,6,0,0
"149",108,4,2022,6,0,0
"150",108,4,2023,6,0,0
"151",108,4,2024,6,0,0
"152",108,5,2017,6,0,0
"153",108,5,2018,6,0,0
"154",108,5,2019,6,0,0
"155",108,5,2020,6,0,0
"156",108,5,2021,6,0,0
"157",108,5,2022,6,0,0
"158",108,5,2023,6,0,0
"159",108,5,2024,6,0,0
"160",108,6,2017,6,0,0
"161",108,6,2018,6,0,0
"162",108,6,2019,6,0,0
"163",108,6,2020,6,0,0
"164",108,6,2021,6,0,0
"165",108,6,2022,6,0,0
"166",108,6,2023,6,0,0
"167",108,6,2024,6,0,0
"168",108,7,2017,6,0,0
"169",108,7,2018,6,0,0
"170",108,7,2019,5,0,0
"171",108,7,2020,6,0,0
"172",108,7,2021,6,0,0
"173",108,7,2022,6,0,0
"174",108,7,2023,6,0,0
"175",108,7,2024,6,0,0
"176",108,8,2017,6,0,0
"177",108,8,2018,6,0,0
"178",108,8,2019,6,0,0
"179",108,8,2020,6,0,0
"180",108,8,2021,6,0,0
"181",108,8,2022,6,0,0
"182",108,8,2023,6,0,0
"183",108,8,2024,6,0,0
"184",108,9,2017,6,0,0
"185",108,9,2018,6,0,0
"186",108,9,2019,6,0,0
"187",108,9,2020,6,0,0
"188",108,9,2021,6,0,0
"189",108,9,2022,6,0,0
"190",108,9,2023,6,0,0
"191",108,9,2024,6,0,0
"192",128,4,2016,6,0,0
"193",128,4,2017,6,0,0
"194",128,4,2018,6,0,0
"195",128,4,2019,6,0,0
"196",128,4,2020,6,0,0
"197",128,4,2021,6,0,0
"198",128,4,2022,6,0,0
"199",128,4,2023,6,0,0
"200",128,4,2024,6,0,0
"201",128,5,2016,6,0,0
"202",128,5,2017,6,0,0
"203",128,5,2018,6,0,0
"204",128,5,2019,6,0,0
"205",128,5,2020,6,0,0
"206",128,5,2021,6,0,0
"207",128,5,2022,6,0,0
"208",128,5,2023,6,0,0
"209",128,5,2024,6,0,0
"210",128,6,2016,6,0,0
"211",128,6,2017,6,0,0
"212",128,6,2018,6,0,0
"213",128,6,2019,6,0,0
"214",128,6,2020,6,0,0
"215",128,6,2021,6,0,0
"216",128,6,2022,6,0,0
"217",128,6,2023,6,0,0
"218",128,6,2024,6,0,0
"219",128,7,2016,6,0,0
"220",128,7,2017,6,0,0
"221",128,7,2018,6,0,0
"222",128,7,2020,6,0,0
"223",128,7,2021,6,0,0
"224",128,7,2022,6,0,0
"225",128,7,2023,6,0,0
"226",128,7,2024,6,0,0
"227",128,8,2016,6,0,0
"228",128,8,2017,6,0,0
"229",128,8,2018,6,0,0
"230",128,8,2019,12,0,0
"231",128,8,2020,6,0,0
"232",128,8,2021,6,0,0
"233",128,8,2022,6,0,0
"234",128,8,2023,6,0,0
"235",128,8,2024,6,0,0
"236",128,9,2016,6,0,0
"237",128,9,2017,6,0,0
"238",128,9,2018,6,0,0
"239",128,9,2019,6,0,0
"240",128,9,2020,6,0,0
"241",128,9,2021,6,0,0
"242",128,9,2022,6,0,0
"243",128,9,2023,6,0,0
"244",128,9,2024,6,0,0
"245",133,4,2016,5,0,0
"246",133,4,2017,6,0,0
"247",133,4,2018,6,0,0
"248",133,4,2019,6,0,0
"249",133,4,2020,6,0,0
"250",133,4,2021,6,0,0
"251",133,4,2022,6,0,0
"252",133,4,2023,6,1,16.6666666666667
"253",133,4,2024,6,0,0
"254",133,5,2016,6,0,0
"255",133,5,2017,6,0,0
"256",133,5,2018,6,0,0
"257",133,5,2019,6,0,0
"258",133,5,2020,6,0,0
"259",133,5,2021,6,0,0
"260",133,5,2022,6,0,0
"261",133,5,2023,6,0,0
"262",133,5,2024,6,1,16.6666666666667
"263",133,6,2016,6,0,0
"264",133,6,2017,6,0,0
"265",133,6,2018,6,0,0
"266",133,6,2019,6,0,0
"267",133,6,2020,6,0,0
"268",133,6,2021,6,0,0
"269",133,6,2022,6,1,16.6666666666667
"270",133,6,2023,6,1,16.6666666666667
"271",133,6,2024,6,2,33.3333333333333
"272",133,7,2016,6,0,0
"273",133,7,2017,6,0,0
"274",133,7,2018,6,0,0
"275",133,7,2019,6,0,0
"276",133,7,2020,6,0,0
"277",133,7,2021,6,0,0
"278",133,7,2022,6,0,0
"279",133,7,2023,6,0,0
"280",133,7,2024,6,2,33.3333333333333
"281",133,8,2016,6,0,0
"282",133,8,2017,5,0,0
"283",133,8,2018,6,0,0
"284",133,8,2019,6,0,0
"285",133,8,2020,6,0,0
"286",133,8,2021,6,2,33.3333333333333
"287",133,8,2022,6,1,16.6666666666667
"288",133,8,2023,6,0,0
"289",133,8,2024,6,0,0
"290",133,9,2016,6,0,0
"291",133,9,2017,6,0,0
"292",133,9,2018,6,0,0
"293",133,9,2019,6,0,0
"294",133,9,2020,6,0,0
"295",133,9,2021,6,0,0
"296",133,9,2022,6,1,16.6666666666667
"297",133,9,2023,6,0,0
"298",133,9,2024,6,2,33.3333333333333
"299",138,4,2018,6,0,0
"300",138,4,2019,6,0,0
"301",138,4,2021,6,0,0
"302",138,4,2022,6,0,0
"303",138,4,2023,6,0,0
"304",138,4,2024,6,0,0
"305",138,5,2016,12,0,0
"306",138,5,2018,6,0,0
"307",138,5,2022,6,0,0
"308",138,5,2023,6,0,0
"309",138,5,2024,6,0,0
"310",138,6,2017,6,0,0
"311",138,6,2019,6,0,0
"312",138,6,2020,6,0,0
"313",138,6,2021,6,0,0
"314",138,6,2022,6,0,0
"315",138,6,2023,6,0,0
"316",138,6,2024,6,0,0
"317",138,7,2016,6,0,0
"318",138,7,2017,6,0,0
"319",138,7,2018,6,0,0
"320",138,7,2019,6,0,0
"321",138,7,2020,6,0,0
"322",138,7,2022,6,0,0
"323",138,7,2023,6,0,0
"324",138,7,2024,6,0,0
"325",138,8,2016,12,0,0
"326",138,8,2017,6,0,0
"327",138,8,2018,5,0,0
"328",138,8,2019,6,0,0
"329",138,8,2020,6,0,0
"330",138,8,2021,6,0,0
"331",138,8,2022,6,0,0
"332",138,8,2023,6,0,0
"333",138,8,2024,5,0,0
"334",138,9,2016,6,0,0
"335",138,9,2018,6,0,0
"336",138,9,2019,6,0,0
"337",138,9,2020,6,0,0
"338",138,9,2021,5,0,0
"339",138,9,2022,5,0,0
"340",138,9,2023,6,0,0
"341",138,9,2024,6,0,0
"342",153,4,2017,6,0,0
"343",153,4,2018,6,0,0
"344",153,4,2019,6,0,0
"345",153,4,2020,6,0,0
"346",153,4,2021,6,0,0
"347",153,4,2022,6,0,0
"348",153,4,2023,6,0,0
"349",153,4,2024,6,0,0
"350",153,5,2017,6,0,0
"351",153,5,2018,6,0,0
"352",153,5,2019,6,0,0
"353",153,5,2020,6,0,0
"354",153,5,2021,6,0,0
"355",153,5,2022,6,0,0
"356",153,5,2023,6,0,0
"357",153,5,2024,6,0,0
"358",153,6,2017,6,0,0
"359",153,6,2018,6,0,0
"360",153,6,2019,6,0,0
"361",153,6,2020,6,0,0
"362",153,6,2021,6,0,0
"363",153,6,2022,6,0,0
"364",153,6,2023,6,0,0
"365",153,6,2024,6,0,0
"366",153,7,2017,6,0,0
"367",153,7,2018,6,0,0
"368",153,7,2019,6,0,0
"369",153,7,2020,6,0,0
"370",153,7,2021,5,0,0
"371",153,7,2022,6,0,0
"372",153,7,2023,6,0,0
"373",153,7,2024,6,0,0
"374",153,8,2017,6,0,0
"375",153,8,2018,6,0,0
"376",153,8,2019,6,0,0
"377",153,8,2020,6,0,0
"378",153,8,2021,6,0,0
"379",153,8,2022,6,0,0
"380",153,8,2023,6,0,0
"381",153,8,2024,6,0,0
"382",153,9,2017,6,0,0
"383",153,9,2019,6,0,0
"384",153,9,2020,6,0,0
"385",153,9,2021,6,0,0
"386",153,9,2022,6,0,0
"387",153,9,2023,6,0,0
"388",153,9,2024,6,0,0
"389",153,10,2018,6,0,0
"390",161,4,2016,6,0,0
"391",161,4,2017,6,0,0
"392",161,4,2018,6,0,0
"393",161,4,2019,6,0,0
"394",161,4,2020,5,0,0
"395",161,4,2021,6,0,0
"396",161,4,2022,6,0,0
"397",161,4,2023,6,0,0
"398",161,4,2024,6,0,0
"399",161,5,2016,5,0,0
"400",161,5,2017,6,0,0
"401",161,5,2018,6,0,0
"402",161,5,2019,6,0,0
"403",161,5,2020,6,0,0
"404",161,5,2021,6,0,0
"405",161,5,2022,6,0,0
"406",161,5,2023,6,0,0
"407",161,5,2024,6,0,0
"408",161,6,2016,6,0,0
"409",161,6,2017,5,0,0
"410",161,6,2018,6,0,0
"411",161,6,2019,6,0,0
"412",161,6,2020,6,0,0
"413",161,6,2022,6,0,0
"414",161,6,2023,6,0,0
"415",161,6,2024,6,0,0
"416",161,7,2016,5,0,0
"417",161,7,2017,6,0,0
"418",161,7,2018,6,0,0
"419",161,7,2019,5,0,0
"420",161,7,2020,6,0,0
"421",161,7,2021,6,0,0
"422",161,7,2023,6,0,0
"423",161,7,2024,6,0,0
"424",161,8,2016,6,0,0
"425",161,8,2017,6,0,0
"426",161,8,2018,6,0,0
"427",161,8,2019,6,0,0
"428",161,8,2020,6,0,0
"429",161,8,2021,6,0,0
"430",161,8,2022,6,0,0
"431",161,8,2023,6,0,0
"432",161,8,2024,6,0,0
"433",161,9,2016,5,0,0
"434",161,9,2017,6,0,0
"435",161,9,2018,6,0,0
"436",161,9,2019,6,0,0
"437",161,9,2020,6,0,0
"438",161,9,2021,6,0,0
"439",161,9,2022,5,0,0
"440",161,9,2023,6,0,0
"441",161,9,2024,6,0,0
"442",172,4,2019,6,0,0
"443",172,4,2021,6,0,0
"444",172,4,2022,5,0,0
"445",172,4,2023,6,0,0
"446",172,5,2019,6,0,0
"447",172,5,2020,6,0,0
"448",172,5,2021,6,0,0
"449",172,5,2022,6,0,0
"450",172,5,2023,6,0,0
"451",172,5,2024,6,0,0
"452",172,6,2019,6,0,0
"453",172,6,2020,6,0,0
"454",172,6,2021,6,0,0
"455",172,6,2022,6,0,0
"456",172,6,2023,6,0,0
"457",172,6,2024,6,0,0
"458",172,7,2019,6,0,0
"459",172,7,2020,6,0,0
"460",172,7,2021,6,0,0
"461",172,7,2022,6,0,0
"462",172,7,2023,6,0,0
"463",172,7,2024,6,0,0
"464",172,8,2019,6,0,0
"465",172,8,2020,6,0,0
"466",172,8,2021,6,0,0
"467",172,8,2022,6,0,0
"468",172,8,2023,6,0,0
"469",172,8,2024,6,0,0
"470",172,9,2019,6,0,0
"471",172,9,2020,6,0,0
"472",172,9,2021,6,0,0
"473",172,9,2022,6,0,0
"474",172,9,2023,6,0,0
"475",172,9,2024,6,0,0
"476",173,4,2016,6,0,0
"477",173,4,2017,6,0,0
"478",173,4,2019,6,0,0
"479",173,4,2020,6,0,0
"480",173,4,2021,6,0,0
"481",173,4,2022,6,0,0
"482",173,4,2023,6,0,0
"483",173,4,2024,6,0,0
"484",173,5,2016,6,0,0
"485",173,5,2017,6,0,0
"486",173,5,2018,6,0,0
"487",173,5,2019,6,0,0
"488",173,5,2020,6,0,0
"489",173,5,2022,6,0,0
"490",173,5,2023,6,0,0
"491",173,5,2024,6,0,0
"492",173,6,2016,6,0,0
"493",173,6,2017,6,0,0
"494",173,6,2018,6,0,0
"495",173,6,2019,6,0,0
"496",173,6,2020,6,0,0
"497",173,6,2021,6,0,0
"498",173,6,2022,6,0,0
"499",173,6,2023,6,0,0
"500",173,6,2024,6,0,0
"501",173,7,2016,5,0,0
"502",173,7,2017,6,0,0
"503",173,7,2018,6,0,0
"504",173,7,2019,6,0,0
"505",173,7,2020,6,0,0
"506",173,7,2021,6,0,0
"507",173,7,2022,6,0,0
"508",173,7,2023,6,0,0
"509",173,7,2024,5,0,0
"510",173,8,2016,6,0,0
"511",173,8,2017,6,0,0
"512",173,8,2018,6,0,0
"513",173,8,2019,6,0,0
"514",173,8,2020,6,0,0
"515",173,8,2021,6,0,0
"516",173,8,2022,6,0,0
"517",173,8,2023,6,0,0
"518",173,8,2024,6,0,0
"519",173,9,2016,6,0,0
"520",173,9,2017,6,0,0
"521",173,9,2018,6,0,0
"522",173,9,2019,6,0,0
"523",173,9,2020,6,0,0
"524",173,9,2021,6,0,0
"525",173,9,2022,6,0,0
"526",173,9,2023,6,0,0
"527",173,9,2024,5,0,0
"528",177,4,2016,6,0,0
"529",177,4,2017,6,0,0
"530",177,4,2018,6,0,0
"531",177,4,2019,6,0,0
"532",177,4,2020,6,0,0
"533",177,4,2021,6,0,0
"534",177,4,2022,6,0,0
"535",177,4,2023,6,0,0
"536",177,4,2024,6,0,0
"537",177,5,2016,6,0,0
"538",177,5,2017,6,0,0
"539",177,5,2018,6,0,0
"540",177,5,2019,6,0,0
"541",177,5,2020,6,0,0
"542",177,5,2021,6,0,0
"543",177,5,2022,6,0,0
"544",177,5,2023,6,0,0
"545",177,5,2024,6,0,0
"546",177,6,2016,6,0,0
"547",177,6,2017,6,0,0
"548",177,6,2018,6,0,0
"549",177,6,2019,6,0,0
"550",177,6,2020,6,0,0
"551",177,6,2021,6,0,0
"552",177,6,2022,6,0,0
"553",177,6,2023,6,0,0
"554",177,6,2024,6,0,0
"555",177,7,2016,6,0,0
"556",177,7,2017,6,0,0
"557",177,7,2018,6,0,0
"558",177,7,2019,6,0,0
"559",177,7,2020,6,0,0
"560",177,7,2021,6,0,0
"561",177,7,2022,6,0,0
"562",177,7,2023,6,0,0
"563",177,7,2024,6,0,0
"564",177,8,2016,6,0,0
"565",177,8,2017,6,0,0
"566",177,8,2018,6,0,0
"567",177,8,2019,6,0,0
"568",177,8,2020,6,0,0
"569",177,8,2021,6,0,0
"570",177,8,2022,6,0,0
"571",177,8,2023,6,0,0
"572",177,8,2024,6,0,0
"573",177,9,2018,6,0,0
"574",198,4,2016,6,0,0
"575",198,4,2018,6,0,0
"576",198,4,2019,6,0,0
"577",198,4,2020,6,0,0
"578",198,4,2021,6,0,0
"579",198,4,2022,6,0,0
"580",198,4,2023,6,0,0
"581",198,4,2024,6,0,0
"582",198,5,2016,6,0,0
"583",198,5,2017,6,0,0
"584",198,5,2018,6,0,0
"585",198,5,2019,6,0,0
"586",198,5,2020,6,0,0
"587",198,5,2021,6,0,0
"588",198,5,2022,5,0,0
"589",198,5,2023,6,0,0
"590",198,5,2024,6,0,0
"591",198,6,2016,6,0,0
"592",198,6,2017,6,0,0
"593",198,6,2018,6,0,0
"594",198,6,2019,6,0,0
"595",198,6,2020,6,0,0
"596",198,6,2021,6,0,0
"597",198,6,2022,6,0,0
"598",198,6,2023,6,0,0
"599",198,6,2024,6,0,0
"600",198,7,2016,6,0,0
"601",198,7,2017,5,0,0
"602",198,7,2018,6,0,0
"603",198,7,2019,6,0,0
"604",198,7,2020,6,0,0
"605",198,7,2021,6,0,0
"606",198,7,2022,6,0,0
"607",198,7,2024,6,0,0
"608",198,8,2016,6,0,0
"609",198,8,2017,6,0,0
"610",198,8,2018,6,0,0
"611",198,8,2019,6,0,0
"612",198,8,2020,6,0,0
"613",198,8,2021,6,0,0
"614",198,8,2022,6,0,0
"615",198,8,2023,6,0,0
"616",198,8,2024,6,0,0
"617",198,9,2018,6,0,0
"618",198,9,2019,6,0,0
"619",198,9,2020,6,0,0
"620",198,9,2021,6,0,0
"621",198,9,2022,6,0,0
"622",198,9,2023,6,0,0
"623",198,9,2024,6,0,0
"624",198,10,2016,5,0,0
"625",198,10,2017,5,0,0
"626",199,4,2018,6,0,0
"627",199,4,2019,6,0,0
"628",199,4,2020,6,0,0
"629",199,4,2021,6,0,0
"630",199,4,2022,6,0,0
"631",199,4,2023,6,0,0
"632",199,4,2024,6,0,0
"633",199,5,2018,6,0,0
"634",199,5,2019,6,0,0
"635",199,5,2020,6,0,0
"636",199,5,2021,6,0,0
"637",199,5,2022,6,0,0
"638",199,5,2023,6,0,0
"639",199,5,2024,6,0,0
"640",199,6,2018,6,0,0
"641",199,6,2019,6,0,0
"642",199,6,2020,6,0,0
"643",199,6,2021,6,0,0
"644",199,6,2022,6,0,0
"645",199,6,2023,6,0,0
"646",199,6,2024,6,0,0
"647",199,7,2018,6,0,0
"648",199,7,2019,6,0,0
"649",199,7,2020,6,0,0
"650",199,7,2021,6,0,0
"651",199,7,2022,5,0,0
"652",199,7,2023,6,0,0
"653",199,7,2024,6,0,0
"654",199,8,2018,6,0,0
"655",199,8,2019,6,0,0
"656",199,8,2020,6,0,0
"657",199,8,2021,6,0,0
"658",199,8,2022,6,0,0
"659",199,8,2023,6,0,0
"660",199,8,2024,6,0,0
"661",199,9,2018,6,0,0
"662",199,9,2019,6,0,0
"663",199,9,2020,6,0,0
"664",199,9,2021,6,0,0
"665",199,9,2022,6,0,0
"666",199,9,2023,6,0,0
"667",199,9,2024,6,0,0
"668",201,4,2017,6,0,0
"669",201,4,2018,6,0,0
"670",201,4,2019,6,0,0
"671",201,4,2020,6,0,0
"672",201,4,2021,6,0,0
"673",201,4,2022,6,0,0
"674",201,4,2023,6,0,0
"675",201,4,2024,6,0,0
"676",201,5,2017,6,0,0
"677",201,5,2018,6,0,0
"678",201,5,2019,6,0,0
"679",201,5,2020,6,0,0
"680",201,5,2021,6,0,0
"681",201,5,2022,6,0,0
"682",201,5,2023,6,0,0
"683",201,5,2024,6,0,0
"684",201,6,2017,6,0,0
"685",201,6,2018,6,0,0
"686",201,6,2019,6,0,0
"687",201,6,2020,6,0,0
"688",201,6,2021,6,0,0
"689",201,6,2022,6,0,0
"690",201,6,2023,6,0,0
"691",201,6,2024,5,0,0
"692",201,7,2017,6,0,0
"693",201,7,2018,6,0,0
"694",201,7,2019,6,0,0
"695",201,7,2020,6,0,0
"696",201,7,2021,6,0,0
"697",201,7,2022,6,0,0
"698",201,7,2023,6,0,0
"699",201,7,2024,6,0,0
"700",201,8,2017,5,0,0
"701",201,8,2018,6,0,0
"702",201,8,2019,6,0,0
"703",201,8,2020,6,0,0
"704",201,8,2021,6,0,0
"705",201,8,2022,6,0,0
"706",201,8,2023,6,0,0
"707",201,8,2024,6,0,0
"708",201,9,2017,6,0,0
"709",201,9,2018,6,0,0
"710",201,9,2019,6,0,0
"711",201,9,2020,6,0,0
"712",201,9,2021,6,0,0
"713",201,9,2022,6,0,0
"714",201,9,2023,6,0,0
"715",204,4,2016,6,0,0
"716",204,4,2017,6,0,0
"717",204,4,2018,6,0,0
"718",204,4,2019,6,0,0
"719",204,4,2020,6,0,0
"720",204,4,2021,6,0,0
"721",204,4,2022,6,0,0
"722",204,4,2023,6,0,0
"723",204,4,2024,6,0,0
"724",204,5,2016,6,0,0
"725",204,5,2017,6,0,0
"726",204,5,2018,6,0,0
"727",204,5,2019,6,0,0
"728",204,5,2020,6,0,0
"729",204,5,2021,6,0,0
"730",204,5,2022,6,0,0
"731",204,5,2023,6,0,0
"732",204,5,2024,6,0,0
"733",204,6,2016,6,0,0
"734",204,6,2017,6,0,0
"735",204,6,2018,6,0,0
"736",204,6,2019,6,0,0
"737",204,6,2020,6,0,0
"738",204,6,2021,6,0,0
"739",204,6,2022,6,0,0
"740",204,6,2023,6,0,0
"741",204,6,2024,6,0,0
"742",204,7,2016,6,0,0
"743",204,7,2017,6,0,0
"744",204,7,2018,6,0,0
"745",204,7,2019,6,0,0
"746",204,7,2020,6,0,0
"747",204,7,2021,6,0,0
"748",204,7,2022,5,0,0
"749",204,7,2023,6,0,0
"750",204,7,2024,6,0,0
"751",204,8,2015,6,0,0
"752",204,8,2016,6,0,0
"753",204,8,2017,6,0,0
"754",204,8,2018,6,0,0
"755",204,8,2019,6,0,0
"756",204,8,2020,6,0,0
"757",204,8,2021,4,0,0
"758",204,8,2022,6,0,0
"759",204,8,2023,6,0,0
"760",204,8,2024,6,0,0
"761",204,9,2015,6,0,0
"762",204,9,2016,6,0,0
"763",204,9,2017,6,0,0
"764",204,9,2018,6,0,0
"765",204,9,2019,6,0,0
"766",204,9,2020,6,0,0
"767",204,9,2021,5,0,0
"768",204,9,2022,6,0,0
"769",204,9,2023,6,0,0
"770",204,9,2024,6,0,0
"771",207,4,2018,6,0,0
"772",207,4,2019,6,0,0
"773",207,4,2020,6,0,0
"774",207,4,2021,6,0,0
"775",207,4,2022,6,0,0
"776",207,4,2023,6,0,0
"777",207,4,2024,6,0,0
"778",207,5,2017,6,0,0
"779",207,5,2018,6,0,0
"780",207,5,2019,6,0,0
"781",207,5,2020,6,0,0
"782",207,5,2021,6,0,0
"783",207,5,2022,6,0,0
"784",207,5,2023,6,0,0
"785",207,5,2024,6,0,0
"786",207,6,2018,6,0,0
"787",207,6,2019,6,0,0
"788",207,6,2020,6,0,0
"789",207,6,2021,6,0,0
"790",207,6,2022,6,0,0
"791",207,6,2023,6,0,0
"792",207,6,2024,6,0,0
"793",207,7,2017,6,0,0
"794",207,7,2018,6,0,0
"795",207,7,2019,6,0,0
"796",207,7,2020,6,0,0
"797",207,7,2021,6,0,0
"798",207,7,2022,6,0,0
"799",207,7,2023,6,0,0
"800",207,7,2024,6,0,0
"801",207,8,2017,6,0,0
"802",207,8,2018,6,0,0
"803",207,8,2019,6,0,0
"804",207,8,2020,6,0,0
"805",207,8,2021,6,0,0
"806",207,8,2022,6,0,0
"807",207,8,2023,6,0,0
"808",207,8,2024,6,0,0
"809",207,9,2017,6,0,0
"810",207,9,2018,6,0,0
"811",207,9,2019,6,0,0
"812",207,9,2020,5,0,0
"813",207,9,2021,6,0,0
"814",207,9,2022,6,0,0
"815",207,9,2023,6,0,0
"816",207,9,2024,6,0,0
"817",214,4,2017,6,0,0
"818",214,4,2018,6,0,0
"819",214,4,2019,6,0,0
"820",214,4,2020,6,0,0
"821",214,4,2021,6,0,0
"822",214,4,2022,6,0,0
"823",214,4,2023,6,0,0
"824",214,4,2024,6,0,0
"825",214,5,2017,6,0,0
"826",214,5,2018,6,0,0
"827",214,5,2019,6,0,0
"828",214,5,2020,6,0,0
"829",214,5,2021,6,0,0
"830",214,5,2022,6,0,0
"831",214,5,2023,6,0,0
"832",214,5,2024,6,0,0
"833",214,6,2017,6,0,0
"834",214,6,2019,6,0,0
"835",214,6,2020,6,0,0
"836",214,6,2021,6,0,0
"837",214,6,2022,6,0,0
"838",214,6,2023,6,0,0
"839",214,6,2024,6,0,0
"840",214,7,2016,6,0,0
"841",214,7,2017,6,0,0
"842",214,7,2018,6,0,0
"843",214,7,2019,6,0,0
"844",214,7,2020,6,0,0
"845",214,7,2021,6,0,0
"846",214,7,2022,6,0,0
"847",214,7,2023,5,0,0
"848",214,7,2024,4,0,0
"849",214,8,2016,6,0,0
"850",214,8,2017,6,0,0
"851",214,8,2018,6,0,0
"852",214,8,2019,6,0,0
"853",214,8,2020,6,0,0
"854",214,8,2021,6,0,0
"855",214,8,2022,6,0,0
"856",214,8,2023,6,0,0
"857",214,8,2024,6,0,0
"858",214,9,2016,4,0,0
"859",214,9,2017,6,0,0
"860",214,9,2018,6,0,0
"861",214,9,2019,6,0,0
"862",214,9,2020,6,0,0
"863",214,9,2021,6,0,0
"864",214,9,2022,6,0,0
"865",214,9,2023,6,0,0
"866",214,9,2024,6,0,0
"867",219,4,2018,6,0,0
"868",219,4,2019,6,0,0
"869",219,4,2020,6,0,0
"870",219,4,2021,6,0,0
"871",219,4,2022,6,0,0
"872",219,4,2023,6,0,0
"873",219,4,2024,6,0,0
"874",219,5,2018,6,0,0
"875",219,5,2019,6,0,0
"876",219,5,2020,6,0,0
"877",219,5,2021,6,0,0
"878",219,5,2022,6,0,0
"879",219,5,2023,6,0,0
"880",219,5,2024,6,0,0
"881",219,6,2018,6,0,0
"882",219,6,2019,6,0,0
"883",219,6,2020,6,0,0
"884",219,6,2021,6,0,0
"885",219,6,2022,6,0,0
"886",219,6,2023,6,0,0
"887",219,6,2024,6,0,0
"888",219,7,2017,6,0,0
"889",219,7,2018,6,0,0
"890",219,7,2019,6,0,0
"891",219,7,2020,6,0,0
"892",219,7,2021,6,0,0
"893",219,7,2022,6,0,0
"894",219,7,2023,6,0,0
"895",219,7,2024,6,0,0
"896",219,8,2017,6,0,0
"897",219,8,2018,6,0,0
"898",219,8,2019,6,0,0
"899",219,8,2021,6,0,0
"900",219,8,2022,6,0,0
"901",219,8,2023,6,0,0
"902",219,8,2024,6,0,0
"903",219,9,2017,6,0,0
"904",219,9,2018,6,0,0
"905",219,9,2019,6,0,0
"906",219,9,2020,6,0,0
"907",219,9,2021,6,0,0
"908",219,9,2022,6,0,0
"909",219,9,2023,6,0,0
"910",219,9,2024,6,0,0
"911",250,4,2016,6,0,0
"912",250,4,2017,6,0,0
"913",250,4,2018,6,0,0
"914",250,4,2019,6,0,0
"915",250,4,2020,6,0,0
"916",250,4,2021,6,0,0
"917",250,4,2022,6,0,0
"918",250,4,2023,6,0,0
"919",250,4,2024,6,0,0
"920",250,5,2016,6,0,0
"921",250,5,2017,6,0,0
"922",250,5,2018,6,0,0
"923",250,5,2019,6,0,0
"924",250,5,2020,6,0,0
"925",250,5,2021,6,0,0
"926",250,5,2022,6,0,0
"927",250,5,2023,6,0,0
"928",250,5,2024,6,0,0
"929",250,6,2016,6,0,0
"930",250,6,2017,6,0,0
"931",250,6,2018,6,0,0
"932",250,6,2019,6,0,0
"933",250,6,2020,6,0,0
"934",250,6,2021,6,0,0
"935",250,6,2022,6,0,0
"936",250,6,2023,6,0,0
"937",250,6,2024,6,0,0
"938",250,7,2016,6,0,0
"939",250,7,2017,6,0,0
"940",250,7,2018,6,0,0
"941",250,7,2019,6,0,0
"942",250,7,2020,6,0,0
"943",250,7,2021,6,0,0
"944",250,7,2022,6,0,0
"945",250,7,2023,6,0,0
"946",250,7,2024,6,0,0
"947",250,8,2015,6,0,0
"948",250,8,2016,6,0,0
"949",250,8,2018,6,0,0
"950",250,8,2019,6,0,0
"951",250,8,2020,6,0,0
"952",250,8,2021,6,0,0
"953",250,8,2022,6,0,0
"954",250,8,2023,6,0,0
"955",250,8,2024,6,0,0
"956",250,9,2015,6,0,0
"957",250,9,2016,6,0,0
"958",250,9,2017,6,0,0
"959",250,9,2018,6,0,0
"960",250,9,2019,6,0,0
"961",250,9,2020,6,0,0
"962",250,9,2021,6,0,0
"963",250,9,2022,6,0,0
"964",250,9,2023,6,0,0
"965",250,9,2024,6,0,0
"966",277,4,2018,6,0,0
"967",277,4,2019,6,0,0
"968",277,4,2020,6,0,0
"969",277,4,2021,6,0,0
"970",277,4,2022,6,0,0
"971",277,4,2023,5,0,0
"972",277,4,2024,6,0,0
"973",277,5,2018,6,0,0
"974",277,5,2019,6,0,0
"975",277,5,2020,6,0,0
"976",277,5,2021,6,0,0
"977",277,5,2022,6,0,0
"978",277,5,2023,6,0,0
"979",277,5,2024,6,0,0
"980",277,6,2018,6,0,0
"981",277,6,2019,5,0,0
"982",277,6,2020,6,0,0
"983",277,6,2021,6,0,0
"984",277,6,2022,6,0,0
"985",277,6,2023,6,0,0
"986",277,6,2024,6,0,0
"987",277,7,2017,5,0,0
"988",277,7,2018,6,0,0
"989",277,7,2019,6,0,0
"990",277,7,2020,6,0,0
"991",277,7,2021,6,0,0
"992",277,7,2022,6,0,0
"993",277,7,2023,6,0,0
"994",277,7,2024,6,0,0
"995",277,8,2017,6,0,0
"996",277,8,2018,6,0,0
"997",277,8,2019,6,0,0
"998",277,8,2020,6,0,0
"999",277,8,2021,6,0,0
"1000",277,8,2022,6,0,0
"1001",277,8,2023,6,0,0
"1002",277,8,2024,6,0,0
"1003",277,9,2017,6,0,0
"1004",277,9,2018,6,0,0
"1005",277,9,2019,6,0,0
"1006",277,9,2020,6,0,0
"1007",277,9,2021,6,0,0
"1008",277,9,2022,6,0,0
"1009",277,9,2023,6,0,0
"1010",277,9,2024,6,0,0
"1011",299,5,2017,5,0,0
"1012",306,4,2016,6,0,0
"1013",306,4,2017,6,0,0
"1014",306,4,2018,6,0,0
"1015",306,4,2019,6,0,0
"1016",306,4,2020,6,0,0
"1017",306,4,2021,6,0,0
"1018",306,4,2022,6,0,0
"1019",306,4,2023,6,0,0
"1020",306,4,2024,6,0,0
"1021",306,5,2016,6,0,0
"1022",306,5,2017,6,0,0
"1023",306,5,2018,6,0,0
"1024",306,5,2019,6,0,0
"1025",306,5,2020,6,0,0
"1026",306,5,2021,6,0,0
"1027",306,5,2022,6,0,0
"1028",306,5,2023,6,0,0
"1029",306,5,2024,6,0,0
"1030",306,6,2016,6,0,0
"1031",306,6,2017,6,0,0
"1032",306,6,2018,6,0,0
"1033",306,6,2019,6,0,0
"1034",306,6,2020,6,0,0
"1035",306,6,2021,6,0,0
"1036",306,6,2022,6,0,0
"1037",306,6,2023,6,0,0
"1038",306,6,2024,6,0,0
"1039",306,7,2016,6,0,0
"1040",306,7,2017,6,0,0
"1041",306,7,2018,6,0,0
"1042",306,7,2019,6,0,0
"1043",306,7,2020,6,0,0
"1044",306,7,2021,6,0,0
"1045",306,7,2022,6,0,0
"1046",306,7,2023,6,0,0
"1047",306,7,2024,6,0,0
"1048",306,8,2015,6,0,0
"1049",306,8,2016,6,0,0
"1050",306,8,2017,6,0,0
"1051",306,8,2018,6,0,0
"1052",306,8,2019,6,0,0
"1053",306,8,2020,6,0,0
"1054",306,8,2021,6,0,0
"1055",306,8,2022,6,0,0
"1056",306,8,2023,6,0,0
"1057",306,8,2024,6,0,0
"1058",306,9,2015,6,0,0
"1059",306,9,2016,6,0,0
"1060",306,9,2017,6,0,0
"1061",306,9,2018,6,0,0
"1062",306,9,2019,6,0,0
"1063",306,9,2020,6,0,0
"1064",306,9,2021,6,0,0
"1065",306,9,2022,6,0,0
"1066",306,9,2023,6,0,0
"1067",306,9,2024,6,0,0
"1068",308,4,2019,6,0,0
"1069",308,4,2020,6,0,0
"1070",308,4,2021,6,0,0
"1071",308,4,2023,6,0,0
"1072",308,4,2024,6,0,0
"1073",308,5,2018,6,0,0
"1074",308,5,2019,6,0,0
"1075",308,5,2020,6,0,0
"1076",308,5,2021,6,0,0
"1077",308,5,2022,6,0,0
"1078",308,5,2023,6,0,0
"1079",308,5,2024,6,0,0
"1080",308,6,2018,6,0,0
"1081",308,6,2019,6,0,0
"1082",308,6,2020,6,0,0
"1083",308,6,2021,6,0,0
"1084",308,6,2023,6,0,0
"1085",308,6,2024,6,0,0
"1086",308,7,2018,6,0,0
"1087",308,7,2019,6,0,0
"1088",308,7,2020,6,0,0
"1089",308,7,2022,6,0,0
"1090",308,7,2023,4,0,0
"1091",308,7,2024,6,0,0
"1092",308,8,2018,6,0,0
"1093",308,8,2019,6,0,0
"1094",308,8,2022,6,0,0
"1095",308,8,2023,6,0,0
"1096",308,8,2024,6,0,0
"1097",308,9,2018,6,0,0
"1098",308,9,2019,6,0,0
"1099",308,9,2020,6,0,0
"1100",308,9,2022,6,0,0
"1101",308,9,2023,6,0,0
"1102",308,9,2024,6,0,0
"1103",311,4,2016,6,0,0
"1104",311,4,2017,6,0,0
"1105",311,4,2018,6,0,0
"1106",311,4,2019,6,0,0
"1107",311,4,2020,6,0,0
"1108",311,4,2021,6,0,0
"1109",311,4,2022,6,0,0
"1110",311,4,2023,6,0,0
"1111",311,4,2024,6,0,0
"1112",311,5,2016,6,0,0
"1113",311,5,2017,6,0,0
"1114",311,5,2018,5,0,0
"1115",311,5,2019,6,0,0
"1116",311,5,2020,6,0,0
"1117",311,5,2021,6,0,0
"1118",311,5,2022,6,0,0
"1119",311,5,2023,6,0,0
"1120",311,5,2024,6,0,0
"1121",311,6,2016,6,0,0
"1122",311,6,2017,6,0,0
"1123",311,6,2018,6,0,0
"1124",311,6,2019,6,0,0
"1125",311,6,2020,6,0,0
"1126",311,6,2021,6,0,0
"1127",311,6,2022,6,0,0
"1128",311,6,2023,6,0,0
"1129",311,6,2024,6,0,0
"1130",311,7,2016,6,0,0
"1131",311,7,2017,6,0,0
"1132",311,7,2018,6,0,0
"1133",311,7,2019,6,0,0
"1134",311,7,2020,6,0,0
"1135",311,7,2021,6,0,0
"1136",311,7,2022,6,0,0
"1137",311,7,2023,6,0,0
"1138",311,7,2024,6,0,0
"1139",311,8,2015,6,0,0
"1140",311,8,2016,4,0,0
"1141",311,8,2017,6,0,0
"1142",311,8,2018,6,0,0
"1143",311,8,2019,6,0,0
"1144",311,8,2020,6,0,0
"1145",311,8,2021,6,0,0
"1146",311,8,2022,6,0,0
"1147",311,8,2023,6,0,0
"1148",311,8,2024,6,0,0
"1149",311,9,2015,6,0,0
"1150",311,9,2016,5,0,0
"1151",311,9,2017,6,0,0
"1152",311,9,2018,6,0,0
"1153",311,9,2019,6,0,0
"1154",311,9,2020,6,0,0
"1155",311,9,2021,6,0,0
"1156",311,9,2022,6,0,0
"1157",311,9,2023,6,0,0
"1158",311,9,2024,6,0,0
"1159",322,4,2017,6,0,0
"1160",322,4,2018,6,0,0
"1161",322,4,2019,6,0,0
"1162",322,4,2020,6,0,0
"1163",322,4,2021,6,0,0
"1164",322,4,2022,6,0,0
"1165",322,4,2023,6,0,0
"1166",322,4,2024,6,0,0
"1167",322,5,2017,6,0,0
"1168",322,5,2018,6,0,0
"1169",322,5,2019,6,0,0
"1170",322,5,2020,6,0,0
"1171",322,5,2021,6,0,0
"1172",322,5,2022,6,0,0
"1173",322,5,2023,6,0,0
"1174",322,5,2024,6,0,0
"1175",322,6,2017,6,0,0
"1176",322,6,2018,6,0,0
"1177",322,6,2019,6,0,0
"1178",322,6,2020,6,0,0
"1179",322,6,2021,6,0,0
"1180",322,6,2022,6,0,0
"1181",322,6,2023,6,0,0
"1182",322,6,2024,6,0,0
"1183",322,7,2017,6,0,0
"1184",322,7,2018,6,0,0
"1185",322,7,2019,6,0,0
"1186",322,7,2020,6,0,0
"1187",322,7,2021,6,0,0
"1188",322,7,2022,6,0,0
"1189",322,7,2023,6,0,0
"1190",322,7,2024,6,0,0
"1191",322,8,2017,6,0,0
"1192",322,8,2018,6,0,0
"1193",322,8,2019,6,0,0
"1194",322,8,2020,6,0,0
"1195",322,8,2021,6,0,0
"1196",322,8,2022,6,0,0
"1197",322,8,2023,6,0,0
"1198",322,8,2024,6,0,0
"1199",322,9,2017,6,0,0
"1200",322,9,2018,6,0,0
"1201",322,9,2019,6,0,0
"1202",322,9,2020,6,0,0
"1203",322,9,2021,6,0,0
"1204",322,9,2022,6,0,0
"1205",322,9,2023,6,0,0
"1206",322,9,2024,6,0,0
"1207",323,4,2016,6,0,0
"1208",323,4,2017,6,0,0
"1209",323,4,2018,6,0,0
"1210",323,4,2019,6,0,0
"1211",323,4,2021,6,0,0
"1212",323,4,2022,6,0,0
"1213",323,4,2023,6,0,0
"1214",323,4,2024,6,0,0
"1215",323,5,2016,6,0,0
"1216",323,5,2017,6,0,0
"1217",323,5,2018,6,0,0
"1218",323,5,2019,6,0,0
"1219",323,5,2020,6,0,0
"1220",323,5,2021,6,0,0
"1221",323,5,2022,6,0,0
"1222",323,5,2023,6,0,0
"1223",323,5,2024,6,0,0
"1224",323,6,2016,6,0,0
"1225",323,6,2017,6,0,0
"1226",323,6,2018,6,0,0
"1227",323,6,2019,6,0,0
"1228",323,6,2020,6,0,0
"1229",323,6,2021,6,0,0
"1230",323,6,2022,6,0,0
"1231",323,6,2023,6,0,0
"1232",323,6,2024,6,0,0
"1233",323,7,2016,6,0,0
"1234",323,7,2017,6,0,0
"1235",323,7,2018,6,0,0
"1236",323,7,2019,6,0,0
"1237",323,7,2020,6,0,0
"1238",323,7,2021,6,0,0
"1239",323,7,2022,6,0,0
"1240",323,7,2023,6,0,0
"1241",323,7,2024,6,0,0
"1242",323,8,2016,6,0,0
"1243",323,8,2017,6,0,0
"1244",323,8,2018,6,0,0
"1245",323,8,2019,6,0,0
"1246",323,8,2020,6,0,0
"1247",323,8,2021,6,0,0
"1248",323,8,2022,6,0,0
"1249",323,8,2023,6,0,0
"1250",323,8,2024,6,0,0
"1251",323,9,2016,6,0,0
"1252",323,9,2017,6,0,0
"1253",323,9,2018,6,0,0
"1254",323,9,2019,6,0,0
"1255",323,9,2020,6,0,0
"1256",323,9,2021,6,0,0
"1257",323,9,2022,6,0,0
"1258",323,9,2023,6,0,0
"1259",323,9,2024,6,0,0
"1260",330,4,2016,6,0,0
"1261",330,4,2017,6,0,0
"1262",330,4,2018,6,0,0
"1263",330,4,2019,6,0,0
"1264",330,4,2020,6,0,0
"1265",330,4,2021,6,0,0
"1266",330,4,2022,6,0,0
"1267",330,4,2023,6,0,0
"1268",330,4,2024,6,0,0
"1269",330,5,2016,6,0,0
"1270",330,5,2017,6,0,0
"1271",330,5,2018,5,0,0
"1272",330,5,2019,6,0,0
"1273",330,5,2020,6,0,0
"1274",330,5,2021,6,0,0
"1275",330,5,2022,6,0,0
"1276",330,5,2023,6,0,0
"1277",330,5,2024,6,0,0
"1278",330,6,2016,6,0,0
"1279",330,6,2017,6,0,0
"1280",330,6,2018,6,0,0
"1281",330,6,2019,6,0,0
"1282",330,6,2020,6,0,0
"1283",330,6,2021,6,0,0
"1284",330,6,2022,6,0,0
"1285",330,6,2023,6,0,0
"1286",330,6,2024,6,0,0
"1287",330,7,2016,6,0,0
"1288",330,7,2017,6,0,0
"1289",330,7,2018,6,0,0
"1290",330,7,2019,6,0,0
"1291",330,7,2020,6,0,0
"1292",330,7,2021,5,0,0
"1293",330,7,2022,6,0,0
"1294",330,7,2023,6,0,0
"1295",330,7,2024,6,0,0
"1296",330,8,2016,6,0,0
"1297",330,8,2017,6,0,0
"1298",330,8,2018,6,0,0
"1299",330,8,2019,6,0,0
"1300",330,8,2020,6,0,0
"1301",330,8,2021,6,0,0
"1302",330,8,2022,6,0,0
"1303",330,8,2023,6,0,0
"1304",330,8,2024,6,0,0
"1305",330,9,2016,6,0,0
"1306",330,9,2017,6,0,0
"1307",330,9,2018,6,0,0
"1308",330,9,2019,6,0,0
"1309",330,9,2020,6,0,0
"1310",330,9,2021,6,0,0
"1311",330,9,2022,6,0,0
"1312",330,9,2023,6,0,0
"1313",330,9,2024,6,0,0
"1314",341,4,2017,6,0,0
"1315",341,4,2018,6,0,0
"1316",341,4,2019,6,0,0
"1317",341,4,2021,6,0,0
"1318",341,4,2022,6,0,0
"1319",341,4,2023,6,0,0
"1320",341,4,2024,6,0,0
"1321",341,5,2018,6,0,0
"1322",341,5,2019,6,0,0
"1323",341,5,2021,6,0,0
"1324",341,5,2022,6,0,0
"1325",341,5,2023,6,0,0
"1326",341,5,2024,6,0,0
"1327",341,6,2017,6,0,0
"1328",341,6,2018,6,0,0
"1329",341,6,2019,6,0,0
"1330",341,6,2021,6,0,0
"1331",341,6,2022,6,0,0
"1332",341,6,2023,6,0,0
"1333",341,6,2024,6,0,0
"1334",341,7,2016,6,0,0
"1335",341,7,2017,6,0,0
"1336",341,7,2018,6,0,0
"1337",341,7,2019,6,0,0
"1338",341,7,2020,6,0,0
"1339",341,7,2021,6,0,0
"1340",341,7,2022,5,0,0
"1341",341,7,2023,6,0,0
"1342",341,7,2024,6,0,0
"1343",341,8,2017,6,0,0
"1344",341,8,2018,6,0,0
"1345",341,8,2019,6,0,0
"1346",341,8,2020,6,0,0
"1347",341,8,2021,6,0,0
"1348",341,8,2022,6,0,0
"1349",341,8,2023,6,0,0
"1350",341,8,2024,6,0,0
"1351",341,9,2016,6,0,0
"1352",341,9,2017,6,0,0
"1353",341,9,2018,6,0,0
"1354",341,9,2019,6,0,0
"1355",341,9,2020,6,0,0
"1356",341,9,2021,6,0,0
"1357",341,9,2022,6,0,0
"1358",341,9,2023,6,0,0
"1359",341,9,2024,6,0,0
"1360",349,4,2017,6,0,0
"1361",349,4,2019,6,0,0
"1362",349,4,2021,6,0,0
"1363",349,4,2022,6,0,0
"1364",349,4,2023,6,0,0
"1365",349,4,2024,5,0,0
"1366",349,5,2017,6,0,0
"1367",349,5,2018,6,0,0
"1368",349,5,2020,6,0,0
"1369",349,5,2021,6,0,0
"1370",349,5,2022,6,0,0
"1371",349,5,2023,6,0,0
"1372",349,5,2024,6,0,0
"1373",349,6,2017,6,0,0
"1374",349,6,2018,4,0,0
"1375",349,6,2019,12,0,0
"1376",349,6,2020,6,0,0
"1377",349,6,2021,6,0,0
"1378",349,6,2022,6,0,0
"1379",349,6,2023,6,0,0
"1380",349,6,2024,6,0,0
"1381",349,7,2017,6,0,0
"1382",349,7,2018,6,0,0
"1383",349,7,2019,6,0,0
"1384",349,7,2020,6,0,0
"1385",349,7,2021,6,0,0
"1386",349,7,2022,6,0,0
"1387",349,7,2023,6,0,0
"1388",349,8,2017,6,0,0
"1389",349,8,2018,6,0,0
"1390",349,8,2019,6,0,0
"1391",349,8,2020,6,0,0
"1392",349,8,2021,6,0,0
"1393",349,8,2022,6,0,0
"1394",349,8,2023,6,0,0
"1395",349,8,2024,6,0,0
"1396",349,9,2018,6,0,0
"1397",349,9,2019,6,0,0
"1398",349,9,2020,6,0,0
"1399",349,9,2021,6,0,0
"1400",349,9,2023,6,0,0
"1401",349,9,2024,6,0,0
"1402",349,10,2017,6,0,0
"1403",361,4,2017,6,0,0
"1404",361,4,2018,6,0,0
"1405",361,4,2019,6,0,0
"1406",361,4,2020,6,0,0
"1407",361,4,2021,6,0,0
"1408",361,4,2022,6,0,0
"1409",361,4,2023,6,0,0
"1410",361,4,2024,6,0,0
"1411",361,5,2018,6,0,0
"1412",361,5,2019,6,0,0
"1413",361,5,2020,6,0,0
"1414",361,5,2021,6,0,0
"1415",361,5,2022,6,0,0
"1416",361,5,2023,6,0,0
"1417",361,5,2024,6,0,0
"1418",361,6,2017,6,0,0
"1419",361,6,2018,6,0,0
"1420",361,6,2019,6,0,0
"1421",361,6,2020,6,0,0
"1422",361,6,2021,6,0,0
"1423",361,6,2022,6,0,0
"1424",361,6,2023,6,0,0
"1425",361,6,2024,6,0,0
"1426",361,7,2017,6,0,0
"1427",361,7,2018,6,0,0
"1428",361,7,2019,6,0,0
"1429",361,7,2020,6,0,0
"1430",361,7,2021,6,0,0
"1431",361,7,2022,6,0,0
"1432",361,7,2023,5,0,0
"1433",361,7,2024,6,0,0
"1434",361,8,2017,6,0,0
"1435",361,8,2018,6,0,0
"1436",361,8,2019,6,0,0
"1437",361,8,2020,6,0,0
"1438",361,8,2021,6,0,0
"1439",361,8,2022,6,0,0
"1440",361,8,2023,6,0,0
"1441",361,8,2024,6,0,0
"1442",361,9,2017,3,0,0
"1443",361,9,2018,6,0,0
"1444",361,9,2019,6,0,0
"1445",361,9,2020,6,0,0
"1446",361,9,2021,6,0,0
"1447",361,9,2022,6,0,0
"1448",361,9,2023,6,0,0
"1449",361,9,2024,6,0,0
"1450",362,4,2017,6,0,0
"1451",362,4,2018,6,0,0
"1452",362,4,2019,6,0,0
"1453",362,4,2020,6,0,0
"1454",362,4,2021,6,0,0
"1455",362,4,2022,6,1,16.6666666666667
"1456",362,4,2023,6,0,0
"1457",362,4,2024,6,2,33.3333333333333
"1458",362,5,2017,6,4,66.6666666666667
"1459",362,5,2018,6,0,0
"1460",362,5,2019,6,1,16.6666666666667
"1461",362,5,2020,6,3,50
"1462",362,5,2021,6,2,33.3333333333333
"1463",362,5,2022,6,4,66.6666666666667
"1464",362,5,2023,6,5,83.3333333333333
"1465",362,5,2024,6,4,66.6666666666667
"1466",362,6,2016,6,1,16.6666666666667
"1467",362,6,2017,6,0,0
"1468",362,6,2018,6,0,0
"1469",362,6,2019,6,0,0
"1470",362,6,2020,5,1,20
"1471",362,6,2021,6,0,0
"1472",362,6,2022,6,1,16.6666666666667
"1473",362,6,2023,6,12,200
"1474",362,6,2024,6,2,33.3333333333333
"1475",362,7,2016,6,0,0
"1476",362,7,2017,6,1,16.6666666666667
"1477",362,7,2018,6,0,0
"1478",362,7,2019,6,0,0
"1479",362,7,2020,6,2,33.3333333333333
"1480",362,7,2021,6,0,0
"1481",362,7,2022,6,2,33.3333333333333
"1482",362,7,2023,6,4,66.6666666666667
"1483",362,7,2024,6,1,16.6666666666667
"1484",362,8,2016,6,2,33.3333333333333
"1485",362,8,2017,6,2,33.3333333333333
"1486",362,8,2018,6,0,0
"1487",362,8,2019,6,7,116.666666666667
"1488",362,8,2020,6,1,16.6666666666667
"1489",362,8,2021,6,7,116.666666666667
"1490",362,8,2022,6,0,0
"1491",362,8,2023,6,5,83.3333333333333
"1492",362,8,2024,6,5,83.3333333333333
"1493",362,9,2016,6,1,16.6666666666667
"1494",362,9,2017,6,0,0
"1495",362,9,2018,6,1,16.6666666666667
"1496",362,9,2019,6,6,100
"1497",362,9,2020,6,0,0
"1498",362,9,2021,6,6,100
"1499",362,9,2022,6,4,66.6666666666667
"1500",362,9,2023,6,2,33.3333333333333
"1501",362,9,2024,6,7,116.666666666667
"1502",367,4,2017,6,0,0
"1503",367,4,2018,6,0,0
"1504",367,4,2019,6,0,0
"1505",367,4,2020,6,3,50
"1506",367,4,2021,6,0,0
"1507",367,4,2022,6,4,66.6666666666667
"1508",367,4,2023,6,3,50
"1509",367,4,2024,6,6,100
"1510",367,5,2017,6,0,0
"1511",367,5,2018,6,2,33.3333333333333
"1512",367,5,2019,6,0,0
"1513",367,5,2020,6,7,116.666666666667
"1514",367,5,2021,6,3,50
"1515",367,5,2022,6,4,66.6666666666667
"1516",367,5,2023,6,5,83.3333333333333
"1517",367,5,2024,6,8,133.333333333333
"1518",367,6,2017,6,0,0
"1519",367,6,2018,6,1,16.6666666666667
"1520",367,6,2019,6,1,16.6666666666667
"1521",367,6,2020,6,0,0
"1522",367,6,2021,6,18,300
"1523",367,6,2022,6,3,50
"1524",367,6,2023,6,4,66.6666666666667
"1525",367,6,2024,6,13,216.666666666667
"1526",367,7,2018,6,1,16.6666666666667
"1527",367,7,2019,6,5,83.3333333333333
"1528",367,7,2020,6,20,333.333333333333
"1529",367,7,2021,6,5,83.3333333333333
"1530",367,7,2022,6,2,33.3333333333333
"1531",367,7,2023,6,33,550
"1532",367,7,2024,6,49,816.666666666667
"1533",367,8,2017,6,2,33.3333333333333
"1534",367,8,2018,6,9,150
"1535",367,8,2019,6,41,683.333333333333
"1536",367,8,2020,6,1,16.6666666666667
"1537",367,8,2021,6,190,3166.66666666667
"1538",367,8,2022,6,55,916.666666666667
"1539",367,8,2023,6,167,2783.33333333333
"1540",367,8,2024,6,75,1250
"1541",367,9,2018,6,16,266.666666666667
"1542",367,9,2019,6,6,100
"1543",367,9,2020,6,1,16.6666666666667
"1544",367,9,2021,6,2,33.3333333333333
"1545",367,9,2022,6,15,250
"1546",367,9,2023,6,24,400
"1547",367,9,2024,6,87,1450
"1548",367,10,2017,6,0,0
"1549",371,4,2017,6,0,0
"1550",371,4,2018,6,0,0
"1551",371,4,2019,6,0,0
"1552",371,4,2022,6,0,0
"1553",371,4,2023,6,0,0
"1554",371,4,2024,6,0,0
"1555",371,5,2017,6,0,0
"1556",371,5,2018,6,0,0
"1557",371,5,2019,6,0,0
"1558",371,5,2022,6,0,0
"1559",371,5,2023,6,0,0
"1560",371,5,2024,6,0,0
"1561",371,6,2017,6,0,0
"1562",371,6,2018,6,0,0
"1563",371,6,2019,6,0,0
"1564",371,6,2024,6,0,0
"1565",371,7,2017,6,0,0
"1566",371,7,2018,6,0,0
"1567",371,7,2019,6,0,0
"1568",371,7,2022,6,0,0
"1569",371,7,2023,6,0,0
"1570",371,7,2024,6,0,0
"1571",371,8,2017,6,0,0
"1572",371,8,2018,6,0,0
"1573",371,8,2019,6,0,0
"1574",371,8,2022,6,0,0
"1575",371,8,2023,6,0,0
"1576",371,8,2024,6,0,0
"1577",371,9,2017,6,0,0
"1578",371,9,2018,6,0,0
"1579",371,9,2019,6,0,0
"1580",371,9,2022,6,0,0
"1581",371,9,2023,6,0,0
"1582",371,9,2024,6,0,0
"1583",378,4,2017,6,0,0
"1584",378,4,2018,6,0,0
"1585",378,4,2019,6,0,0
"1586",378,4,2021,6,0,0
"1587",378,4,2022,6,1,16.6666666666667
"1588",378,4,2023,6,0,0
"1589",378,4,2024,6,0,0
"1590",378,5,2017,6,0,0
"1591",378,5,2018,6,0,0
"1592",378,5,2019,6,0,0
"1593",378,5,2020,6,0,0
"1594",378,5,2021,6,0,0
"1595",378,5,2022,6,0,0
"1596",378,5,2023,6,0,0
"1597",378,5,2024,6,0,0
"1598",378,6,2017,6,0,0
"1599",378,6,2018,6,0,0
"1600",378,6,2019,6,0,0
"1601",378,6,2020,6,0,0
"1602",378,6,2021,6,0,0
"1603",378,6,2022,6,0,0
"1604",378,6,2023,6,0,0
"1605",378,6,2024,6,0,0
"1606",378,7,2017,6,0,0
"1607",378,7,2018,6,0,0
"1608",378,7,2019,6,0,0
"1609",378,7,2020,6,0,0
"1610",378,7,2021,6,0,0
"1611",378,7,2022,6,0,0
"1612",378,7,2023,6,0,0
"1613",378,7,2024,6,0,0
"1614",378,8,2017,6,0,0
"1615",378,8,2018,6,0,0
"1616",378,8,2019,6,0,0
"1617",378,8,2020,6,0,0
"1618",378,8,2021,6,0,0
"1619",378,8,2022,6,0,0
"1620",378,8,2023,6,0,0
"1621",378,8,2024,6,0,0
"1622",378,9,2017,6,0,0
"1623",378,9,2018,6,0,0
"1624",378,9,2019,6,0,0
"1625",378,9,2020,5,0,0
"1626",378,9,2021,6,0,0
"1627",378,9,2022,6,0,0
"1628",378,9,2023,6,0,0
"1629",378,9,2024,6,0,0
"1630",379,4,2017,6,0,0
"1631",379,4,2018,6,0,0
"1632",379,4,2019,6,0,0
"1633",379,4,2021,6,0,0
"1634",379,4,2022,6,0,0
"1635",379,4,2023,6,0,0
"1636",379,4,2024,6,0,0
"1637",379,5,2017,6,0,0
"1638",379,5,2018,6,0,0
"1639",379,5,2019,6,0,0
"1640",379,5,2020,6,0,0
"1641",379,5,2021,6,0,0
"1642",379,5,2022,6,0,0
"1643",379,5,2023,6,0,0
"1644",379,5,2024,6,0,0
"1645",379,6,2017,6,0,0
"1646",379,6,2018,6,0,0
"1647",379,6,2019,5,0,0
"1648",379,6,2020,6,0,0
"1649",379,6,2021,6,0,0
"1650",379,6,2022,6,0,0
"1651",379,6,2023,6,0,0
"1652",379,6,2024,6,0,0
"1653",379,7,2017,6,0,0
"1654",379,7,2018,6,0,0
"1655",379,7,2019,6,0,0
"1656",379,7,2020,6,0,0
"1657",379,7,2021,6,0,0
"1658",379,7,2022,6,0,0
"1659",379,7,2023,6,0,0
"1660",379,7,2024,6,0,0
"1661",379,8,2017,6,0,0
"1662",379,8,2018,6,0,0
"1663",379,8,2019,6,0,0
"1664",379,8,2020,6,0,0
"1665",379,8,2021,6,0,0
"1666",379,8,2022,6,0,0
"1667",379,8,2023,6,0,0
"1668",379,8,2024,6,0,0
"1669",379,9,2017,6,0,0
"1670",379,9,2018,6,0,0
"1671",379,9,2019,6,0,0
"1672",379,9,2020,6,0,0
"1673",379,9,2021,6,0,0
"1674",379,9,2022,6,0,0
"1675",379,9,2023,6,0,0
"1676",379,9,2024,6,0,0
"1677",380,4,2017,6,0,0
"1678",380,4,2019,6,0,0
"1679",380,4,2020,6,0,0
"1680",380,4,2021,6,0,0
"1681",380,4,2022,6,0,0
"1682",380,4,2023,6,0,0
"1683",380,4,2024,5,0,0
"1684",380,5,2017,5,0,0
"1685",380,5,2018,6,0,0
"1686",380,5,2019,6,0,0
"1687",380,5,2020,6,0,0
"1688",380,5,2021,6,0,0
"1689",380,5,2022,6,0,0
"1690",380,5,2023,6,0,0
"1691",380,5,2024,6,0,0
"1692",380,6,2017,6,0,0
"1693",380,6,2018,6,0,0
"1694",380,6,2019,6,0,0
"1695",380,6,2020,6,0,0
"1696",380,6,2021,6,0,0
"1697",380,6,2022,5,0,0
"1698",380,6,2023,6,0,0
"1699",380,6,2024,6,0,0
"1700",380,7,2017,6,0,0
"1701",380,7,2018,6,0,0
"1702",380,7,2019,6,0,0
"1703",380,7,2020,6,0,0
"1704",380,7,2021,6,0,0
"1705",380,7,2022,6,0,0
"1706",380,7,2023,6,0,0
"1707",380,7,2024,6,0,0
"1708",380,8,2017,5,0,0
"1709",380,8,2018,6,0,0
"1710",380,8,2019,6,0,0
"1711",380,8,2020,6,0,0
"1712",380,8,2021,6,0,0
"1713",380,8,2022,6,0,0
"1714",380,8,2023,6,0,0
"1715",380,8,2024,6,0,0
"1716",380,9,2017,6,0,0
"1717",380,9,2018,6,0,0
"1718",380,9,2019,6,0,0
"1719",380,9,2020,6,0,0
"1720",380,9,2021,6,0,0
"1721",380,9,2022,6,0,0
"1722",380,9,2023,6,0,0
"1723",380,9,2024,6,0,0
"1724",381,4,2017,6,0,0
"1725",381,4,2018,6,0,0
"1726",381,5,2017,6,0,0
"1727",381,5,2018,6,0,0
"1728",381,6,2017,6,0,0
"1729",381,6,2018,6,0,0
"1730",381,7,2017,6,0,0
"1731",381,7,2018,6,0,0
"1732",381,8,2017,6,0,0
"1733",381,8,2018,6,0,0
"1734",381,9,2017,5,0,0
"1735",381,9,2018,6,0,0
"1736",382,4,2017,6,0,0
"1737",382,4,2018,6,0,0
"1738",382,4,2019,6,0,0
"1739",382,4,2021,5,0,0
"1740",382,4,2022,6,0,0
"1741",382,4,2023,6,0,0
"1742",382,4,2024,6,0,0
"1743",382,5,2017,6,0,0
"1744",382,5,2018,6,0,0
"1745",382,5,2019,6,0,0
"1746",382,5,2020,6,0,0
"1747",382,5,2021,6,0,0
"1748",382,5,2022,6,0,0
"1749",382,5,2023,6,0,0
"1750",382,5,2024,6,0,0
"1751",382,6,2017,6,0,0
"1752",382,6,2018,6,0,0
"1753",382,6,2019,6,0,0
"1754",382,6,2020,6,0,0
"1755",382,6,2021,6,0,0
"1756",382,6,2022,6,0,0
"1757",382,6,2023,6,0,0
"1758",382,6,2024,6,0,0
"1759",382,7,2017,6,0,0
"1760",382,7,2018,6,0,0
"1761",382,7,2019,6,0,0
"1762",382,7,2020,6,0,0
"1763",382,7,2021,6,0,0
"1764",382,7,2022,6,0,0
"1765",382,7,2023,6,0,0
"1766",382,7,2024,6,0,0
"1767",382,8,2017,6,0,0
"1768",382,8,2018,6,0,0
"1769",382,8,2019,6,0,0
"1770",382,8,2020,6,0,0
"1771",382,8,2021,6,0,0
"1772",382,8,2022,6,0,0
"1773",382,8,2023,6,0,0
"1774",382,8,2024,6,0,0
"1775",382,9,2017,6,0,0
"1776",382,9,2018,6,0,0
"1777",382,9,2019,6,0,0
"1778",382,9,2020,6,0,0
"1779",382,9,2021,6,0,0
"1780",382,9,2022,6,0,0
"1781",382,9,2023,6,0,0
"1782",382,9,2024,6,0,0
"1783",383,4,2017,3,0,0
"1784",383,4,2018,6,0,0
"1785",383,4,2019,6,0,0
"1786",383,4,2020,6,0,0
"1787",383,4,2021,6,0,0
"1788",383,4,2022,6,0,0
"1789",383,4,2023,6,0,0
"1790",383,4,2024,6,0,0
"1791",383,5,2017,3,0,0
"1792",383,5,2018,6,0,0
"1793",383,5,2019,6,0,0
"1794",383,5,2020,6,0,0
"1795",383,5,2021,6,0,0
"1796",383,5,2022,6,0,0
"1797",383,5,2023,6,0,0
"1798",383,5,2024,6,0,0
"1799",383,6,2017,3,0,0
"1800",383,6,2018,6,0,0
"1801",383,6,2019,6,0,0
"1802",383,6,2020,6,0,0
"1803",383,6,2021,6,0,0
"1804",383,6,2022,6,0,0
"1805",383,6,2023,6,0,0
"1806",383,6,2024,6,0,0
"1807",383,7,2017,3,0,0
"1808",383,7,2018,6,0,0
"1809",383,7,2019,6,0,0
"1810",383,7,2020,6,0,0
"1811",383,7,2021,6,0,0
"1812",383,7,2022,6,0,0
"1813",383,7,2023,6,0,0
"1814",383,7,2024,6,0,0
"1815",383,8,2017,3,0,0
"1816",383,8,2018,6,0,0
"1817",383,8,2019,6,0,0
"1818",383,8,2020,6,0,0
"1819",383,8,2021,6,0,0
"1820",383,8,2022,6,0,0
"1821",383,8,2023,6,0,0
"1822",383,8,2024,6,0,0
"1823",383,9,2017,3,0,0
"1824",383,9,2018,6,0,0
"1825",383,9,2019,6,0,0
"1826",383,9,2020,6,0,0
"1827",383,9,2021,6,0,0
"1828",383,9,2022,6,0,0
"1829",383,9,2023,6,0,0
"1830",383,9,2024,6,0,0
"1831",384,4,2017,3,0,0
"1832",384,4,2018,6,0,0
"1833",384,4,2019,6,0,0
"1834",384,4,2020,6,0,0
"1835",384,4,2021,6,0,0
"1836",384,4,2022,6,0,0
"1837",384,4,2023,6,0,0
"1838",384,4,2024,3,0,0
"1839",384,5,2018,6,0,0
"1840",384,5,2019,6,0,0
"1841",384,5,2020,6,0,0
"1842",384,5,2021,6,0,0
"1843",384,5,2022,6,0,0
"1844",384,5,2023,6,0,0
"1845",384,5,2024,6,0,0
"1846",384,6,2017,3,0,0
"1847",384,6,2018,6,0,0
"1848",384,6,2019,6,0,0
"1849",384,6,2020,6,0,0
"1850",384,6,2021,6,0,0
"1851",384,6,2022,6,0,0
"1852",384,6,2023,6,0,0
"1853",384,6,2024,6,0,0
"1854",384,7,2017,3,0,0
"1855",384,7,2018,6,0,0
"1856",384,7,2019,6,0,0
"1857",384,7,2020,6,0,0
"1858",384,7,2021,6,0,0
"1859",384,7,2022,6,0,0
"1860",384,7,2023,6,0,0
"1861",384,7,2024,6,0,0
"1862",384,8,2017,3,0,0
"1863",384,8,2018,6,0,0
"1864",384,8,2019,6,0,0
"1865",384,8,2020,6,0,0
"1866",384,8,2021,6,0,0
"1867",384,8,2022,6,0,0
"1868",384,8,2023,6,0,0
"1869",384,8,2024,6,0,0
"1870",384,9,2017,2,0,0
"1871",384,9,2018,6,0,0
"1872",384,9,2019,6,0,0
"1873",384,9,2020,6,0,0
"1874",384,9,2021,6,0,0
"1875",384,9,2022,6,0,0
"1876",384,9,2023,6,0,0
"1877",384,9,2024,6,0,0
"1878",385,4,2019,6,0,0
"1879",385,4,2020,6,0,0
"1880",385,4,2021,6,0,0
"1881",385,4,2022,6,0,0
"1882",385,4,2023,6,0,0
"1883",385,4,2024,6,0,0
"1884",385,5,2018,12,0,0
"1885",385,5,2019,6,0,0
"1886",385,5,2020,6,0,0
"1887",385,5,2021,6,0,0
"1888",385,5,2022,6,0,0
"1889",385,5,2023,6,0,0
"1890",385,5,2024,5,0,0
"1891",385,6,2018,6,0,0
"1892",385,6,2019,6,0,0
"1893",385,6,2020,6,0,0
"1894",385,6,2021,6,0,0
"1895",385,6,2022,6,0,0
"1896",385,6,2023,6,0,0
"1897",385,6,2024,6,0,0
"1898",385,7,2018,6,0,0
"1899",385,7,2019,6,0,0
"1900",385,7,2020,6,0,0
"1901",385,7,2021,6,0,0
"1902",385,7,2022,6,0,0
"1903",385,7,2023,6,0,0
"1904",385,7,2024,6,0,0
"1905",385,8,2018,6,0,0
"1906",385,8,2019,6,0,0
"1907",385,8,2020,6,0,0
"1908",385,8,2021,6,0,0
"1909",385,8,2022,6,0,0
"1910",385,8,2023,6,0,0
"1911",385,8,2024,6,0,0
"1912",385,9,2018,6,0,0
"1913",385,9,2019,6,0,0
"1914",385,9,2020,6,0,0
"1915",385,9,2021,6,0,0
"1916",385,9,2022,6,0,0
"1917",385,9,2023,6,0,0
"1918",385,9,2024,6,0,0
"1919",386,4,2019,6,0,0
"1920",386,4,2021,6,0,0
"1921",386,4,2022,6,0,0
"1922",386,4,2023,6,2,33.3333333333333
"1923",386,4,2024,6,4,66.6666666666667
"1924",386,5,2019,6,0,0
"1925",386,5,2021,6,1,16.6666666666667
"1926",386,5,2022,6,1,16.6666666666667
"1927",386,5,2023,6,2,33.3333333333333
"1928",386,5,2024,6,0,0
"1929",386,6,2019,6,0,0
"1930",386,6,2020,6,0,0
"1931",386,6,2021,6,0,0
"1932",386,6,2022,6,1,16.6666666666667
"1933",386,6,2023,6,6,100
"1934",386,6,2024,6,1,16.6666666666667
"1935",386,7,2019,6,0,0
"1936",386,7,2020,6,0,0
"1937",386,7,2021,6,0,0
"1938",386,7,2022,6,1,16.6666666666667
"1939",386,7,2023,6,1,16.6666666666667
"1940",386,7,2024,6,0,0
"1941",386,8,2019,6,0,0
"1942",386,8,2020,6,0,0
"1943",386,8,2021,6,0,0
"1944",386,8,2022,6,0,0
"1945",386,8,2023,6,0,0
"1946",386,8,2024,6,0,0
"1947",386,9,2019,6,0,0
"1948",386,9,2020,6,0,0
"1949",386,9,2021,6,1,16.6666666666667
"1950",386,9,2022,6,1,16.6666666666667
"1951",386,9,2023,6,0,0
"1952",386,9,2024,6,0,0
"1953",503,5,2017,6,0,0
"1954",503,6,2017,6,0,0
"1955",503,8,2017,12,0,0
"1956",508,4,2016,6,0,0
"1957",508,4,2017,6,0,0
"1958",508,4,2018,6,0,0
"1959",508,4,2019,6,0,0
"1960",508,4,2020,6,0,0
"1961",508,4,2021,6,0,0
"1962",508,4,2022,6,0,0
"1963",508,4,2023,6,0,0
"1964",508,4,2024,6,0,0
"1965",508,5,2016,6,0,0
"1966",508,5,2017,6,0,0
"1967",508,5,2018,6,0,0
"1968",508,5,2019,6,0,0
"1969",508,5,2020,6,0,0
"1970",508,5,2021,6,0,0
"1971",508,5,2022,6,0,0
"1972",508,5,2023,6,0,0
"1973",508,5,2024,6,0,0
"1974",508,6,2016,6,0,0
"1975",508,6,2017,6,0,0
"1976",508,6,2018,6,0,0
"1977",508,6,2019,6,0,0
"1978",508,6,2020,6,0,0
"1979",508,6,2021,6,0,0
"1980",508,6,2022,6,0,0
"1981",508,6,2023,6,0,0
"1982",508,6,2024,6,0,0
"1983",508,7,2016,6,0,0
"1984",508,7,2017,6,0,0
"1985",508,7,2018,5,0,0
"1986",508,7,2019,6,0,0
"1987",508,7,2020,6,0,0
"1988",508,7,2021,6,0,0
"1989",508,7,2022,6,0,0
"1990",508,7,2023,6,0,0
"1991",508,7,2024,6,0,0
"1992",508,8,2015,6,0,0
"1993",508,8,2016,6,0,0
"1994",508,8,2017,6,0,0
"1995",508,8,2018,6,0,0
"1996",508,8,2019,6,0,0
"1997",508,8,2020,6,0,0
"1998",508,8,2021,6,0,0
"1999",508,8,2022,6,0,0
"2000",508,8,2023,6,0,0
"2001",508,8,2024,6,0,0
"2002",508,9,2015,6,0,0
"2003",508,9,2016,6,0,0
"2004",508,9,2017,6,0,0
"2005",508,9,2018,6,0,0
"2006",508,9,2019,6,0,0
"2007",508,9,2020,6,0,0
"2008",508,9,2021,6,0,0
"2009",508,9,2022,6,0,0
"2010",508,9,2023,6,0,0
"2011",508,9,2024,6,0,0
"2012",515,4,2022,4,0,0
"2013",516,4,2016,6,0,0
"2014",516,4,2017,5,0,0
"2015",516,4,2018,6,0,0
"2016",516,4,2019,6,0,0
"2017",516,4,2020,6,0,0
"2018",516,4,2021,6,0,0
"2019",516,4,2022,6,0,0
"2020",516,4,2023,6,0,0
"2021",516,4,2024,6,0,0
"2022",516,5,2016,6,0,0
"2023",516,5,2017,6,0,0
"2024",516,5,2018,6,0,0
"2025",516,5,2019,6,0,0
"2026",516,5,2020,6,0,0
"2027",516,5,2021,6,0,0
"2028",516,5,2022,6,0,0
"2029",516,5,2023,6,1,16.6666666666667
"2030",516,5,2024,6,0,0
"2031",516,6,2016,5,0,0
"2032",516,6,2017,6,0,0
"2033",516,6,2018,6,0,0
"2034",516,6,2019,6,0,0
"2035",516,6,2020,6,0,0
"2036",516,6,2021,6,0,0
"2037",516,6,2022,6,0,0
"2038",516,6,2023,6,1,16.6666666666667
"2039",516,6,2024,6,0,0
"2040",516,7,2016,6,0,0
"2041",516,7,2017,5,0,0
"2042",516,7,2018,6,0,0
"2043",516,7,2019,6,0,0
"2044",516,7,2020,6,0,0
"2045",516,7,2021,6,0,0
"2046",516,7,2022,6,0,0
"2047",516,7,2023,6,0,0
"2048",516,7,2024,6,0,0
"2049",516,8,2015,6,0,0
"2050",516,8,2016,6,0,0
"2051",516,8,2017,6,0,0
"2052",516,8,2018,6,0,0
"2053",516,8,2019,6,0,0
"2054",516,8,2020,6,0,0
"2055",516,8,2021,6,0,0
"2056",516,8,2022,6,0,0
"2057",516,8,2023,6,0,0
"2058",516,8,2024,6,0,0
"2059",516,9,2015,6,0,0
"2060",516,9,2016,6,0,0
"2061",516,9,2017,6,0,0
"2062",516,9,2018,6,0,0
"2063",516,9,2019,6,0,0
"2064",516,9,2020,6,0,0
"2065",516,9,2021,6,6,100
"2066",516,9,2022,6,0,0
"2067",516,9,2023,6,0,0
"2068",516,9,2024,6,0,0
"2069",526,4,2022,6,0,0
"2070",526,4,2023,6,0,0
"2071",526,4,2024,6,0,0
"2072",526,5,2022,6,0,0
"2073",526,5,2023,6,0,0
"2074",526,5,2024,6,0,0
"2075",526,6,2022,6,0,0
"2076",526,6,2023,6,0,0
"2077",526,6,2024,6,0,0
"2078",526,7,2022,6,0,0
"2079",526,7,2023,6,0,0
"2080",526,7,2024,6,0,0
"2081",526,8,2022,6,0,0
"2082",526,8,2023,6,0,0
"2083",526,8,2024,6,0,0
"2084",526,9,2022,6,0,0
"2085",526,9,2023,6,0,0
"2086",526,9,2024,6,0,0
"2087",527,4,2017,6,0,0
"2088",527,4,2018,6,0,0
"2089",527,4,2019,6,0,0
"2090",527,4,2020,6,0,0
"2091",527,4,2021,6,0,0
"2092",527,4,2022,6,0,0
"2093",527,4,2023,6,0,0
"2094",527,4,2024,6,0,0
"2095",527,5,2017,5,0,0
"2096",527,5,2018,6,0,0
"2097",527,5,2019,6,0,0
"2098",527,5,2020,6,0,0
"2099",527,5,2021,6,0,0
"2100",527,5,2022,6,0,0
"2101",527,5,2023,6,0,0
"2102",527,5,2024,6,0,0
"2103",527,6,2017,6,0,0
"2104",527,6,2018,6,0,0
"2105",527,6,2019,6,0,0
"2106",527,6,2020,6,0,0
"2107",527,6,2021,6,0,0
"2108",527,6,2022,6,0,0
"2109",527,6,2023,6,0,0
"2110",527,6,2024,6,0,0
"2111",527,7,2017,5,0,0
"2112",527,7,2018,6,0,0
"2113",527,7,2019,6,0,0
"2114",527,7,2020,6,0,0
"2115",527,7,2021,6,0,0
"2116",527,7,2022,6,0,0
"2117",527,7,2023,6,0,0
"2118",527,7,2024,6,0,0
"2119",527,8,2017,6,0,0
"2120",527,8,2018,6,0,0
"2121",527,8,2019,6,0,0
"2122",527,8,2020,6,0,0
"2123",527,8,2021,6,0,0
"2124",527,8,2022,6,0,0
"2125",527,8,2023,6,0,0
"2126",527,8,2024,6,0,0
"2127",527,9,2017,6,0,0
"2128",527,9,2018,6,0,0
"2129",527,9,2019,6,0,0
"2130",527,9,2020,6,0,0
"2131",527,9,2021,6,0,0
"2132",527,9,2022,6,0,0
"2133",527,9,2023,6,0,0
"2134",527,9,2024,6,0,0
"2135",528,4,2018,6,0,0
"2136",528,4,2019,6,0,0
"2137",528,4,2021,6,0,0
"2138",528,4,2022,6,2,33.3333333333333
"2139",528,4,2023,6,0,0
"2140",528,4,2024,6,0,0
"2141",528,5,2017,6,0,0
"2142",528,5,2018,6,0,0
"2143",528,5,2019,6,0,0
"2144",528,5,2020,6,0,0
"2145",528,5,2021,6,0,0
"2146",528,5,2022,6,0,0
"2147",528,5,2023,6,0,0
"2148",528,5,2024,6,0,0
"2149",528,6,2017,6,0,0
"2150",528,6,2018,6,0,0
"2151",528,6,2019,6,0,0
"2152",528,6,2020,6,0,0
"2153",528,6,2021,6,0,0
"2154",528,6,2022,6,0,0
"2155",528,6,2023,6,0,0
"2156",528,6,2024,6,0,0
"2157",528,7,2017,6,0,0
"2158",528,7,2018,6,0,0
"2159",528,7,2019,6,0,0
"2160",528,7,2020,6,0,0
"2161",528,7,2021,6,0,0
"2162",528,7,2022,5,0,0
"2163",528,7,2023,6,0,0
"2164",528,7,2024,6,1,16.6666666666667
"2165",528,8,2017,6,0,0
"2166",528,8,2018,6,0,0
"2167",528,8,2019,6,0,0
"2168",528,8,2020,6,0,0
"2169",528,8,2021,6,0,0
"2170",528,8,2022,6,0,0
"2171",528,8,2023,6,0,0
"2172",528,8,2024,6,0,0
"2173",528,9,2017,6,0,0
"2174",528,9,2018,6,0,0
"2175",528,9,2019,6,0,0
"2176",528,9,2020,6,0,0
"2177",528,9,2021,6,0,0
"2178",528,9,2022,6,0,0
"2179",528,9,2023,6,0,0
"2180",528,9,2024,6,0,0
"2181",529,4,2019,6,0,0
"2182",529,4,2021,6,0,0
"2183",529,4,2022,6,1,16.6666666666667
"2184",529,4,2023,6,3,50
"2185",529,4,2024,6,2,33.3333333333333
"2186",529,5,2019,6,0,0
"2187",529,5,2020,6,0,0
"2188",529,5,2021,6,0,0
"2189",529,5,2022,6,0,0
"2190",529,5,2023,6,0,0
"2191",529,5,2024,6,0,0
"2192",529,6,2019,6,0,0
"2193",529,6,2020,6,0,0
"2194",529,6,2021,6,0,0
"2195",529,6,2022,6,0,0
"2196",529,6,2023,6,0,0
"2197",529,6,2024,6,0,0
"2198",529,7,2019,5,0,0
"2199",529,7,2020,6,0,0
"2200",529,7,2021,6,0,0
"2201",529,7,2022,6,0,0
"2202",529,7,2023,6,0,0
"2203",529,7,2024,6,0,0
"2204",529,8,2019,6,0,0
"2205",529,8,2020,6,0,0
"2206",529,8,2021,6,0,0
"2207",529,8,2022,6,0,0
"2208",529,8,2023,6,0,0
"2209",529,8,2024,6,0,0
"2210",529,9,2019,6,0,0
"2211",529,9,2020,6,0,0
"2212",529,9,2021,6,0,0
"2213",529,9,2022,6,0,0
"2214",529,9,2023,6,0,0
"2215",529,9,2024,6,0,0
"2216",533,4,2016,5,0,0
"2217",533,4,2017,6,0,0
"2218",533,4,2018,6,0,0
"2219",533,4,2019,6,0,0
"2220",533,4,2020,6,0,0
"2221",533,4,2021,6,0,0
"2222",533,4,2022,6,0,0
"2223",533,4,2023,6,0,0
"2224",533,4,2024,6,0,0
"2225",533,5,2016,6,0,0
"2226",533,5,2017,6,0,0
"2227",533,5,2018,6,0,0
"2228",533,5,2019,6,0,0
"2229",533,5,2020,6,0,0
"2230",533,5,2021,6,0,0
"2231",533,5,2022,5,0,0
"2232",533,5,2023,6,0,0
"2233",533,5,2024,6,0,0
"2234",533,6,2016,6,0,0
"2235",533,6,2017,6,0,0
"2236",533,6,2018,6,0,0
"2237",533,6,2019,6,0,0
"2238",533,6,2020,6,0,0
"2239",533,6,2021,6,0,0
"2240",533,6,2022,6,0,0
"2241",533,6,2023,6,0,0
"2242",533,6,2024,6,0,0
"2243",533,7,2016,6,0,0
"2244",533,7,2017,6,0,0
"2245",533,7,2018,6,0,0
"2246",533,7,2019,6,0,0
"2247",533,7,2020,6,0,0
"2248",533,7,2021,6,0,0
"2249",533,7,2022,6,0,0
"2250",533,7,2023,6,0,0
"2251",533,7,2024,6,0,0
"2252",533,8,2016,6,0,0
"2253",533,8,2017,6,0,0
"2254",533,8,2018,6,0,0
"2255",533,8,2019,6,0,0
"2256",533,8,2020,6,0,0
"2257",533,8,2021,6,0,0
"2258",533,8,2022,6,0,0
"2259",533,8,2023,6,0,0
"2260",533,8,2024,6,0,0
"2261",533,9,2016,6,0,0
"2262",533,9,2017,6,0,0
"2263",533,9,2018,5,0,0
"2264",533,9,2019,6,0,0
"2265",533,9,2020,6,0,0
"2266",533,9,2021,5,0,0
"2267",533,9,2022,6,0,0
"2268",533,9,2023,6,0,0
"2269",533,9,2024,6,0,0
"2270",536,4,2016,6,0,0
"2271",536,4,2017,6,0,0
"2272",536,4,2018,6,0,0
"2273",536,4,2019,6,0,0
"2274",536,4,2020,6,0,0
"2275",536,4,2021,6,0,0
"2276",536,4,2022,6,0,0
"2277",536,4,2023,6,0,0
"2278",536,4,2024,6,0,0
"2279",536,5,2016,6,0,0
"2280",536,5,2017,6,0,0
"2281",536,5,2018,6,0,0
"2282",536,5,2019,6,0,0
"2283",536,5,2020,6,0,0
"2284",536,5,2021,6,0,0
"2285",536,5,2022,5,0,0
"2286",536,5,2023,6,0,0
"2287",536,5,2024,6,0,0
"2288",536,6,2016,6,0,0
"2289",536,6,2017,6,0,0
"2290",536,6,2018,6,0,0
"2291",536,6,2019,6,0,0
"2292",536,6,2020,6,0,0
"2293",536,6,2021,6,0,0
"2294",536,6,2022,6,0,0
"2295",536,6,2023,6,0,0
"2296",536,6,2024,6,0,0
"2297",536,7,2016,6,0,0
"2298",536,7,2017,6,0,0
"2299",536,7,2018,6,0,0
"2300",536,7,2019,6,0,0
"2301",536,7,2020,6,0,0
"2302",536,7,2021,6,0,0
"2303",536,7,2022,6,0,0
"2304",536,7,2023,6,0,0
"2305",536,7,2024,6,0,0
"2306",536,8,2016,6,0,0
"2307",536,8,2017,6,0,0
"2308",536,8,2018,6,0,0
"2309",536,8,2019,6,0,0
"2310",536,8,2020,5,0,0
"2311",536,8,2021,6,0,0
"2312",536,8,2022,6,0,0
"2313",536,8,2023,6,0,0
"2314",536,8,2024,4,0,0
"2315",536,9,2016,6,0,0
"2316",536,9,2017,6,0,0
"2317",536,9,2018,6,0,0
"2318",536,9,2019,6,0,0
"2319",536,9,2020,6,0,0
"2320",536,9,2021,6,0,0
"2321",536,9,2022,6,0,0
"2322",536,9,2023,6,0,0
"2323",536,9,2024,6,0,0
"2324",540,4,2018,6,0,0
"2325",540,4,2019,6,0,0
"2326",540,4,2021,6,0,0
"2327",540,4,2022,6,0,0
"2328",540,4,2023,6,0,0
"2329",540,4,2024,6,0,0
"2330",540,5,2018,6,0,0
"2331",540,5,2019,6,0,0
"2332",540,5,2020,6,0,0
"2333",540,5,2021,6,0,0
"2334",540,5,2022,6,0,0
"2335",540,5,2023,6,0,0
"2336",540,5,2024,6,0,0
"2337",540,6,2017,12,0,0
"2338",540,6,2018,6,0,0
"2339",540,6,2019,6,0,0
"2340",540,6,2020,6,0,0
"2341",540,6,2021,6,0,0
"2342",540,6,2022,6,0,0
"2343",540,6,2023,6,0,0
"2344",540,6,2024,6,0,0
"2345",540,7,2017,6,0,0
"2346",540,7,2018,6,0,0
"2347",540,7,2019,6,0,0
"2348",540,7,2020,6,0,0
"2349",540,7,2021,6,0,0
"2350",540,7,2022,6,0,0
"2351",540,7,2023,6,0,0
"2352",540,7,2024,6,0,0
"2353",540,8,2017,6,0,0
"2354",540,8,2018,6,0,0
"2355",540,8,2019,6,0,0
"2356",540,8,2020,6,0,0
"2357",540,8,2021,6,0,0
"2358",540,8,2022,6,0,0
"2359",540,8,2023,6,0,0
"2360",540,8,2024,6,0,0
"2361",540,9,2017,6,0,0
"2362",540,9,2018,6,0,0
"2363",540,9,2019,6,0,0
"2364",540,9,2020,6,0,0
"2365",540,9,2021,6,0,0
"2366",540,9,2022,6,0,0
"2367",540,9,2023,6,0,0
"2368",540,9,2024,6,0,0
"2369",541,4,2017,6,0,0
"2370",541,4,2019,6,0,0
"2371",541,4,2021,6,0,0
"2372",541,4,2022,6,0,0
"2373",541,4,2023,6,0,0
"2374",541,4,2024,6,0,0
"2375",541,5,2017,6,0,0
"2376",541,5,2018,6,0,0
"2377",541,5,2021,6,0,0
"2378",541,5,2022,6,0,0
"2379",541,5,2023,6,0,0
"2380",541,5,2024,6,0,0
"2381",541,6,2017,6,0,0
"2382",541,6,2019,6,0,0
"2383",541,6,2021,6,0,0
"2384",541,6,2022,6,0,0
"2385",541,6,2023,6,0,0
"2386",541,6,2024,6,0,0
"2387",541,7,2017,6,0,0
"2388",541,7,2018,6,0,0
"2389",541,7,2021,6,0,0
"2390",541,7,2022,6,0,0
"2391",541,7,2023,6,0,0
"2392",541,7,2024,6,0,0
"2393",541,8,2017,6,0,0
"2394",541,8,2020,6,0,0
"2395",541,8,2021,6,0,0
"2396",541,8,2022,6,0,0
"2397",541,8,2023,6,0,0
"2398",541,9,2019,6,0,0
"2399",541,9,2020,6,0,0
"2400",541,9,2021,6,0,0
"2401",541,9,2022,6,0,0
"2402",541,9,2023,6,0,0
"2403",541,9,2024,6,0,0
"2404",541,0,0,6,0,0
"2405",552,4,2016,6,0,0
"2406",552,4,2017,6,0,0
"2407",552,4,2018,6,0,0
"2408",552,4,2019,6,0,0
"2409",552,4,2021,6,0,0
"2410",552,4,2022,6,0,0
"2411",552,4,2023,6,0,0
"2412",552,4,2024,6,0,0
"2413",552,5,2016,6,0,0
"2414",552,5,2017,6,0,0
"2415",552,5,2018,6,0,0
"2416",552,5,2019,6,0,0
"2417",552,5,2020,6,0,0
"2418",552,5,2021,6,0,0
"2419",552,5,2022,6,0,0
"2420",552,5,2023,6,0,0
"2421",552,5,2024,6,0,0
"2422",552,6,2016,6,0,0
"2423",552,6,2018,6,0,0
"2424",552,6,2019,6,0,0
"2425",552,6,2020,6,0,0
"2426",552,6,2021,6,0,0
"2427",552,6,2022,6,0,0
"2428",552,6,2023,6,0,0
"2429",552,6,2024,6,0,0
"2430",552,7,2016,6,0,0
"2431",552,7,2017,5,0,0
"2432",552,7,2018,6,0,0
"2433",552,7,2019,6,0,0
"2434",552,7,2020,6,0,0
"2435",552,7,2021,6,0,0
"2436",552,7,2022,6,0,0
"2437",552,7,2023,6,0,0
"2438",552,7,2024,6,0,0
"2439",552,8,2016,6,0,0
"2440",552,8,2017,6,0,0
"2441",552,8,2018,6,0,0
"2442",552,8,2019,5,0,0
"2443",552,8,2020,6,0,0
"2444",552,8,2021,6,0,0
"2445",552,8,2022,6,0,0
"2446",552,8,2023,6,0,0
"2447",552,8,2024,6,0,0
"2448",552,9,2016,6,0,0
"2449",552,9,2017,6,0,0
"2450",552,9,2018,6,0,0
"2451",552,9,2019,6,0,0
"2452",552,9,2020,6,0,0
"2453",552,9,2021,6,0,0
"2454",552,9,2022,6,0,0
"2455",552,9,2023,5,0,0
"2456",552,9,2024,6,0,0
"2457",553,4,2017,6,0,0
"2458",553,4,2018,6,0,0
"2459",553,4,2019,6,0,0
"2460",553,4,2020,6,0,0
"2461",553,4,2021,6,0,0
"2462",553,4,2022,6,0,0
"2463",553,4,2023,6,0,0
"2464",553,4,2024,6,0,0
"2465",553,5,2016,6,0,0
"2466",553,5,2017,6,0,0
"2467",553,5,2018,6,0,0
"2468",553,5,2019,6,0,0
"2469",553,5,2021,6,0,0
"2470",553,5,2022,5,0,0
"2471",553,5,2023,6,0,0
"2472",553,5,2024,6,0,0
"2473",553,6,2016,6,0,0
"2474",553,6,2017,6,0,0
"2475",553,6,2018,6,0,0
"2476",553,6,2019,6,0,0
"2477",553,6,2020,6,0,0
"2478",553,6,2021,6,0,0
"2479",553,6,2022,6,0,0
"2480",553,6,2023,6,0,0
"2481",553,6,2024,6,0,0
"2482",553,7,2016,6,0,0
"2483",553,7,2017,5,0,0
"2484",553,7,2018,6,0,0
"2485",553,7,2019,6,0,0
"2486",553,7,2020,6,0,0
"2487",553,7,2021,6,0,0
"2488",553,7,2022,6,0,0
"2489",553,7,2023,6,0,0
"2490",553,7,2024,6,0,0
"2491",553,8,2016,6,0,0
"2492",553,8,2017,6,0,0
"2493",553,8,2018,6,0,0
"2494",553,8,2019,6,0,0
"2495",553,8,2020,6,0,0
"2496",553,8,2021,6,0,0
"2497",553,8,2022,6,0,0
"2498",553,8,2023,6,0,0
"2499",553,8,2024,6,0,0
"2500",553,9,2016,6,0,0
"2501",553,9,2017,6,0,0
"2502",553,9,2018,6,0,0
"2503",553,9,2019,6,0,0
"2504",553,9,2020,6,0,0
"2505",553,9,2021,6,0,0
"2506",553,9,2022,6,0,0
"2507",553,9,2023,6,0,0
"2508",553,9,2024,6,0,0
"2509",566,8,2015,6,0,0
"2510",566,9,2015,6,0,0
"2511",579,4,2018,6,0,0
"2512",579,4,2019,6,0,0
"2513",579,4,2020,6,0,0
"2514",579,4,2021,6,0,0
"2515",579,4,2022,6,0,0
"2516",579,4,2023,6,0,0
"2517",579,4,2024,6,0,0
"2518",579,5,2017,6,0,0
"2519",579,5,2018,6,0,0
"2520",579,5,2019,6,0,0
"2521",579,5,2020,6,0,0
"2522",579,5,2021,6,0,0
"2523",579,5,2022,6,0,0
"2524",579,5,2023,6,0,0
"2525",579,5,2024,6,0,0
"2526",579,6,2017,6,0,0
"2527",579,6,2018,6,0,0
"2528",579,6,2019,6,0,0
"2529",579,6,2020,5,0,0
"2530",579,6,2022,6,0,0
"2531",579,6,2023,6,0,0
"2532",579,6,2024,6,0,0
"2533",579,7,2017,5,0,0
"2534",579,7,2018,6,0,0
"2535",579,7,2019,6,0,0
"2536",579,7,2020,6,0,0
"2537",579,7,2021,6,0,0
"2538",579,7,2022,6,0,0
"2539",579,7,2023,6,0,0
"2540",579,7,2024,6,0,0
"2541",579,8,2016,6,0,0
"2542",579,8,2017,4,0,0
"2543",579,8,2018,4,0,0
"2544",579,8,2019,6,0,0
"2545",579,8,2021,6,0,0
"2546",579,8,2022,6,0,0
"2547",579,8,2023,6,0,0
"2548",579,8,2024,6,0,0
"2549",579,9,2018,6,0,0
"2550",579,9,2019,6,0,0
"2551",579,9,2020,6,0,0
"2552",579,9,2021,6,0,0
"2553",579,9,2022,6,0,0
"2554",579,9,2023,6,0,0
"2555",579,9,2024,6,0,0
"2556",581,4,2018,6,0,0
"2557",581,4,2019,6,0,0
"2558",581,4,2020,6,0,0
"2559",581,4,2021,6,0,0
"2560",581,4,2022,6,0,0
"2561",581,4,2023,6,0,0
"2562",581,4,2024,6,0,0
"2563",581,5,2017,6,0,0
"2564",581,5,2018,6,0,0
"2565",581,5,2019,6,0,0
"2566",581,5,2020,6,0,0
"2567",581,5,2021,6,0,0
"2568",581,5,2022,6,0,0
"2569",581,5,2023,6,0,0
"2570",581,5,2024,6,0,0
"2571",581,6,2016,6,0,0
"2572",581,6,2017,6,0,0
"2573",581,6,2018,6,0,0
"2574",581,6,2019,6,0,0
"2575",581,6,2020,6,0,0
"2576",581,6,2022,6,0,0
"2577",581,6,2023,6,0,0
"2578",581,6,2024,6,0,0
"2579",581,7,2016,6,0,0
"2580",581,7,2017,6,0,0
"2581",581,7,2018,6,0,0
"2582",581,7,2019,6,0,0
"2583",581,7,2020,6,0,0
"2584",581,7,2021,6,0,0
"2585",581,7,2022,6,0,0
"2586",581,7,2023,6,0,0
"2587",581,7,2024,6,0,0
"2588",581,8,2016,6,0,0
"2589",581,8,2017,6,0,0
"2590",581,8,2018,6,0,0
"2591",581,8,2019,6,0,0
"2592",581,8,2021,6,0,0
"2593",581,8,2022,6,0,0
"2594",581,8,2023,6,0,0
"2595",581,8,2024,6,0,0
"2596",581,9,2016,6,0,0
"2597",581,9,2018,6,0,0
"2598",581,9,2019,6,0,0
"2599",581,9,2020,6,0,0
"2600",581,9,2021,6,0,0
"2601",581,9,2022,6,0,0
"2602",581,9,2023,6,0,0
"2603",581,9,2024,6,0,0
"2604",590,4,2016,6,0,0
"2605",590,4,2017,6,0,0
"2606",590,4,2018,6,0,0
"2607",590,4,2019,6,0,0
"2608",590,4,2021,6,0,0
"2609",590,4,2022,6,0,0
"2610",590,4,2023,6,0,0
"2611",590,4,2024,6,0,0
"2612",590,5,2016,6,0,0
"2613",590,5,2017,6,0,0
"2614",590,5,2018,6,0,0
"2615",590,5,2019,6,0,0
"2616",590,5,2020,6,0,0
"2617",590,5,2021,6,0,0
"2618",590,5,2022,6,0,0
"2619",590,5,2023,6,0,0
"2620",590,5,2024,6,0,0
"2621",590,6,2016,6,0,0
"2622",590,6,2017,6,0,0
"2623",590,6,2018,6,0,0
"2624",590,6,2019,6,0,0
"2625",590,6,2020,6,0,0
"2626",590,6,2021,6,0,0
"2627",590,6,2022,6,0,0
"2628",590,6,2023,6,0,0
"2629",590,6,2024,6,0,0
"2630",590,7,2016,6,0,0
"2631",590,7,2017,6,0,0
"2632",590,7,2018,6,0,0
"2633",590,7,2019,6,0,0
"2634",590,7,2020,6,0,0
"2635",590,7,2021,6,0,0
"2636",590,7,2022,6,0,0
"2637",590,7,2023,6,0,0
"2638",590,7,2024,6,0,0
"2639",590,8,2016,6,0,0
"2640",590,8,2017,6,0,0
"2641",590,8,2018,6,0,0
"2642",590,8,2019,6,0,0
"2643",590,8,2020,6,0,0
"2644",590,8,2021,6,0,0
"2645",590,8,2022,6,0,0
"2646",590,8,2023,6,0,0
"2647",590,8,2024,6,0,0
"2648",590,9,2016,6,0,0
"2649",590,9,2017,6,0,0
"2650",590,9,2018,6,0,0
"2651",590,9,2019,6,0,0
"2652",590,9,2020,6,0,0
"2653",590,9,2021,6,0,0
"2654",590,9,2022,6,0,0
"2655",590,9,2023,6,0,0
"2656",590,9,2024,6,0,0
"2657",599,4,2018,6,0,0
"2658",599,4,2019,6,0,0
"2659",599,4,2020,6,0,0
"2660",599,4,2021,6,0,0
"2661",599,4,2022,6,0,0
"2662",599,4,2023,6,0,0
"2663",599,4,2024,6,0,0
"2664",599,5,2018,6,0,0
"2665",599,5,2019,6,0,0
"2666",599,5,2020,6,0,0
"2667",599,5,2021,6,0,0
"2668",599,5,2022,6,0,0
"2669",599,5,2023,6,1,16.6666666666667
"2670",599,5,2024,6,0,0
"2671",599,6,2017,6,0,0
"2672",599,6,2018,6,0,0
"2673",599,6,2019,6,2,33.3333333333333
"2674",599,6,2020,6,0,0
"2675",599,6,2021,6,0,0
"2676",599,6,2022,6,0,0
"2677",599,6,2023,6,0,0
"2678",599,6,2024,6,0,0
"2679",599,7,2017,6,0,0
"2680",599,7,2018,6,0,0
"2681",599,7,2019,6,5,83.3333333333333
"2682",599,7,2020,6,0,0
"2683",599,7,2021,6,0,0
"2684",599,7,2022,6,0,0
"2685",599,7,2023,6,0,0
"2686",599,7,2024,6,1,16.6666666666667
"2687",599,8,2017,6,0,0
"2688",599,8,2018,6,0,0
"2689",599,8,2019,6,13,216.666666666667
"2690",599,8,2020,6,0,0
"2691",599,8,2021,6,3,50
"2692",599,8,2022,6,1,16.6666666666667
"2693",599,8,2023,5,0,0
"2694",599,8,2024,6,0,0
"2695",599,9,2017,6,0,0
"2696",599,9,2018,6,2,33.3333333333333
"2697",599,9,2019,6,0,0
"2698",599,9,2020,6,0,0
"2699",599,9,2021,6,0,0
"2700",599,9,2022,6,1,16.6666666666667
"2701",599,9,2023,6,0,0
"2702",599,9,2024,6,0,0
"2703",600,4,2021,6,0,0
"2704",600,4,2022,6,0,0
"2705",600,4,2023,6,0,0
"2706",600,4,2024,6,0,0
"2707",600,5,2021,6,0,0
"2708",600,5,2022,6,0,0
"2709",600,5,2023,6,0,0
"2710",600,5,2024,6,0,0
"2711",600,6,2021,6,0,0
"2712",600,6,2022,6,0,0
"2713",600,6,2023,6,0,0
"2714",600,6,2024,6,0,0
"2715",600,7,2021,6,0,0
"2716",600,7,2022,6,0,0
"2717",600,7,2023,6,0,0
"2718",600,7,2024,6,0,0
"2719",600,8,2020,6,0,0
"2720",600,8,2022,6,0,0
"2721",600,8,2023,6,0,0
"2722",600,8,2024,6,0,0
"2723",600,9,2020,6,0,0
"2724",600,9,2021,6,0,0
"2725",600,9,2022,6,0,0
"2726",600,9,2023,6,0,0
"2727",600,9,2024,6,0,0
"2728",601,4,2021,6,0,0
"2729",601,4,2022,6,0,0
"2730",601,4,2023,6,0,0
"2731",601,4,2024,6,0,0
"2732",601,5,2021,6,0,0
"2733",601,5,2022,6,0,0
"2734",601,5,2023,6,0,0
"2735",601,5,2024,6,0,0
"2736",601,6,2021,6,0,0
"2737",601,6,2022,6,0,0
"2738",601,6,2023,6,0,0
"2739",601,6,2024,6,0,0
"2740",601,7,2021,6,0,0
"2741",601,7,2022,6,0,0
"2742",601,7,2023,6,0,0
"2743",601,7,2024,6,0,0
"2744",601,8,2020,6,0,0
"2745",601,8,2021,6,0,0
"2746",601,8,2022,6,0,0
"2747",601,8,2023,6,0,0
"2748",601,8,2024,6,0,0
"2749",601,9,2020,6,0,0
"2750",601,9,2021,6,0,0
"2751",601,9,2022,6,0,0
"2752",601,9,2023,6,0,0
"2753",601,9,2024,6,0,0
"2754",602,4,2021,6,0,0
"2755",602,4,2022,6,0,0
"2756",602,4,2023,6,0,0
"2757",602,4,2024,6,0,0
"2758",602,5,2021,6,0,0
"2759",602,5,2022,6,0,0
"2760",602,5,2023,6,0,0
"2761",602,5,2024,6,0,0
"2762",602,6,2021,6,0,0
"2763",602,6,2022,6,0,0
"2764",602,6,2023,6,0,0
"2765",602,6,2024,6,0,0
"2766",602,7,2021,6,0,0
"2767",602,7,2022,6,0,0
"2768",602,7,2023,6,0,0
"2769",602,7,2024,6,0,0
"2770",602,8,2020,6,0,0
"2771",602,8,2021,3,0,0
"2772",602,8,2022,6,0,0
"2773",602,8,2023,6,0,0
"2774",602,8,2024,6,0,0
"2775",602,9,2020,6,0,0
"2776",602,9,2021,3,0,0
"2777",602,9,2022,6,0,0
"2778",602,9,2023,6,0,0
"2779",602,9,2024,6,0,0
"2780",603,4,2021,6,0,0
"2781",603,4,2022,6,0,0
"2782",603,4,2023,6,0,0
"2783",603,4,2024,6,0,0
"2784",603,5,2021,6,0,0
"2785",603,5,2022,6,0,0
"2786",603,5,2023,6,0,0
"2787",603,5,2024,6,0,0
"2788",603,6,2021,6,0,0
"2789",603,6,2022,6,0,0
"2790",603,6,2023,6,0,0
"2791",603,6,2024,6,0,0
"2792",603,7,2021,6,0,0
"2793",603,7,2022,6,0,0
"2794",603,7,2023,6,0,0
"2795",603,7,2024,6,0,0
"2796",603,8,2020,6,0,0
"2797",603,8,2021,6,0,0
"2798",603,8,2022,6,0,0
"2799",603,8,2023,6,0,0
"2800",603,8,2024,6,0,0
"2801",603,9,2020,6,0,0
"2802",603,9,2021,6,0,0
"2803",603,9,2022,6,0,0
"2804",603,9,2023,5,0,0
"2805",603,9,2024,6,0,0
"2806",604,4,2021,6,0,0
"2807",604,4,2022,6,0,0
"2808",604,4,2023,6,0,0
"2809",604,4,2024,6,0,0
"2810",604,5,2022,6,0,0
"2811",604,5,2023,5,0,0
"2812",604,5,2024,6,0,0
"2813",604,6,2022,6,0,0
"2814",604,6,2023,6,0,0
"2815",604,6,2024,5,0,0
"2816",604,7,2022,6,0,0
"2817",604,7,2023,5,0,0
"2818",604,7,2024,6,0,0
"2819",604,8,2020,6,0,0
"2820",604,8,2022,6,0,0
"2821",604,8,2023,6,0,0
"2822",604,8,2024,6,0,0
"2823",604,9,2020,6,0,0
"2824",604,9,2022,6,0,0
"2825",604,9,2023,6,0,0
"2826",604,9,2024,6,0,0
"2827",605,4,2021,6,0,0
"2828",605,4,2022,6,0,0
"2829",605,4,2023,6,0,0
"2830",605,4,2024,6,0,0
"2831",605,5,2021,6,0,0
"2832",605,5,2022,6,0,0
"2833",605,5,2023,6,0,0
"2834",605,5,2024,6,0,0
"2835",605,6,2021,6,0,0
"2836",605,6,2022,6,0,0
"2837",605,6,2023,6,0,0
"2838",605,6,2024,6,0,0
"2839",605,7,2021,6,0,0
"2840",605,7,2022,5,0,0
"2841",605,7,2023,6,0,0
"2842",605,7,2024,6,0,0
"2843",605,8,2021,6,0,0
"2844",605,8,2022,6,0,0
"2845",605,8,2023,6,0,0
"2846",605,8,2024,6,0,0
"2847",605,9,2021,6,0,0
"2848",605,9,2022,6,0,0
"2849",605,9,2023,6,0,0
"2850",605,9,2024,6,0,0
"2851",606,4,2021,6,0,0
"2852",606,4,2022,6,0,0
"2853",606,4,2023,6,0,0
"2854",606,4,2024,6,0,0
"2855",606,5,2021,6,0,0
"2856",606,5,2022,6,0,0
"2857",606,5,2023,6,0,0
"2858",606,5,2024,6,0,0
"2859",606,6,2021,6,0,0
"2860",606,6,2022,6,0,0
"2861",606,6,2023,6,0,0
"2862",606,6,2024,6,0,0
"2863",606,7,2021,6,0,0
"2864",606,7,2022,6,0,0
"2865",606,7,2023,6,0,0
"2866",606,7,2024,6,0,0
"2867",606,8,2021,6,0,0
"2868",606,8,2022,4,0,0
"2869",606,8,2023,6,0,0
"2870",606,8,2024,6,0,0
"2871",606,9,2021,6,0,0
"2872",606,9,2022,6,0,0
"2873",606,9,2023,6,0,0
"2874",606,9,2024,6,0,0
"2875",607,4,2021,6,0,0
"2876",607,4,2022,6,0,0
"2877",607,4,2023,6,0,0
"2878",607,5,2021,6,0,0
"2879",607,5,2022,6,0,0
"2880",607,5,2023,6,0,0
"2881",607,6,2021,6,0,0
"2882",607,6,2022,6,0,0
"2883",607,6,2023,6,0,0
"2884",607,7,2021,6,0,0
"2885",607,7,2022,6,0,0
"2886",607,7,2023,6,0,0
"2887",607,8,2021,6,0,0
"2888",607,8,2023,6,0,0
"2889",607,9,2021,6,0,0
"2890",607,9,2022,6,0,0
"2891",607,9,2023,6,0,0
"2892",608,4,2021,6,0,0
"2893",608,5,2021,6,0,0
"2894",608,6,2021,6,0,0
"2895",608,7,2021,6,0,0
"2896",608,8,2021,6,0,0
"2897",608,9,2021,6,0,0
"2898",609,4,2021,6,0,0
"2899",609,4,2022,6,0,0
"2900",609,4,2023,6,0,0
"2901",609,4,2024,6,0,0
"2902",609,5,2021,6,0,0
"2903",609,5,2022,6,0,0
"2904",609,5,2023,6,0,0
"2905",609,5,2024,6,0,0
"2906",609,6,2021,6,0,0
"2907",609,6,2022,6,0,0
"2908",609,6,2023,6,0,0
"2909",609,6,2024,6,0,0
"2910",609,7,2021,6,0,0
"2911",609,7,2022,6,0,0
"2912",609,7,2023,6,0,0
"2913",609,7,2024,6,0,0
"2914",609,8,2021,6,0,0
"2915",609,8,2022,6,0,0
"2916",609,8,2023,6,0,0
"2917",609,8,2024,6,0,0
"2918",609,9,2021,6,0,0
"2919",609,9,2022,6,0,0
"2920",609,9,2023,6,0,0
"2921",609,9,2024,6,0,0
"2922",610,4,2022,6,0,0
"2923",610,4,2023,6,0,0
"2924",610,4,2024,6,0,0
"2925",610,5,2022,6,0,0
"2926",610,5,2023,6,0,0
"2927",610,5,2024,6,0,0
"2928",610,6,2022,6,0,0
"2929",610,6,2023,6,0,0
"2930",610,6,2024,6,0,0
"2931",610,7,2022,6,0,0
"2932",610,7,2023,6,0,0
"2933",610,7,2024,6,0,0
"2934",610,8,2022,6,0,0
"2935",610,8,2023,6,0,0
"2936",610,8,2024,6,0,0
"2937",610,9,2022,6,0,0
"2938",610,9,2023,6,0,0
"2939",610,9,2024,6,0,0
"2940",611,4,2023,6,0,0
"2941",611,4,2024,6,0,0
"2942",611,5,2023,4,0,0
"2943",611,5,2024,4,0,0
"2944",611,6,2023,6,0,0
"2945",611,6,2024,6,0,0
"2946",611,7,2023,6,0,0
"2947",611,7,2024,6,0,0
"2948",611,8,2023,6,0,0
"2949",611,8,2024,6,0,0
"2950",611,9,2023,5,0,0
"2951",611,9,2024,6,0,0
"2952",612,4,2024,6,0,0
"2953",612,5,2024,6,0,0
"2954",612,6,2024,6,0,0
"2955",612,7,2024,6,0,0
"2956",612,8,2024,6,0,0
"2957",612,9,2024,6,0,0
